u,advérbio,ˈu
ú·be·re,"nome masculino",ˈu.be.ɾi
ú·be·re,adjetivo,ˈu.be.ɾi
u·bér·ri·mo,adjetivo,u.bˈɛ.xi.mʊ
u·bi,"nome masculino",u.bˈi
u·bi·qua·men·te,advérbio,u.bi.kwa.mˈẽj.tʃi
u·bi·qui·da·de,"nome feminino",u.bi.kwi.dˈa.dʒi
u·bí·quo,adjetivo,u.bˈi.kwʊ
u·cha,"nome feminino",ˈu.ʃə
u·cra·ni·a·na,"nome feminino",u.kɾa.njˈə.nə
u·cra·ni·a·no,"nome masculino",u.kɾa.njˈə.nʊ
u·cra·ni·a·no,adjetivo,u.kɾa.njˈə.nʊ
u·cro·ni·a,"nome feminino",u.kɾo.nˈi.jə
u·do,adjetivo,ˈu.dʊ
u·du,"nome masculino",u.dˈu
u·ê,interjeição,u.ˈe
u·é,interjeição,u.ˈɛ
uf,interjeição,ˈuf
u·fa,"nome feminino",ˈu.fə
u·fa,interjeição,ˈu.fə
u·fa·na·men·te,advérbio,u.fa.na.mˈẽj.tʃi
u·fa·nar,verbo,u.fa.nˈa
u·fa·ni·a,"nome feminino",u.fa.nˈi.jə
u·fa·no,adjetivo,u.fˈə.nʊ
u·gan·dês,"nome masculino",u.gə̃.dˈes
u·gan·dês,adjetivo,u.gə̃.dˈes
u·gan·de·sa,"nome feminino",u.gə̃.dˈe.zə
u·gar,verbo,u.gˈa
uh,interjeição,ˈu
ui,interjeição,wˈi
ui·gu·re,"nome masculino",wi.gˈu.ɾi
u·ís·que,"nome masculino",wˈis.ki
ui·van·te,adjetivo,wi.vˈə̃.tʃi
ui·var,verbo,wi.vˈa
ui·vo,"nome masculino",wˈi.vʊ
u·ja,"nome feminino",ˈu.ʒə
úl·ce·ra,"nome feminino",ˈuw.se.ɾə
ul·ce·ra·ção,"nome feminino",uw.se.ɾa.sˈə̃w
ul·ce·ra·do,adjetivo,uw.se.ɾˈa.dʊ
ul·ce·rar,verbo,uw.se.ɾˈa
ul·ce·ro·so,adjetivo,uw.se.ɾˈo.zʊ
u·lis·si·po·nen·se,adjetivo,u.li.si.po.nˈẽj.si
u·lis·si·po·nen·se,"nome masculino","u.li.si.po.nˈẽj.si ou u.li.si.po.nˈẽj.si"
ul·mei·ro,"nome masculino",uw.mˈej.ɾʊ
ul·te·ri·or,adjetivo,uw.te.ɾi.ˈoɾ
ul·te·ri·or·men·te,advérbio,uw.te.ɾi.oɾ.mˈẽj.tʃi
úl·ti·ma,"nome feminino",ˈuw.tʃi.mə
ul·ti·ma·ção,"nome feminino",uw.tʃi.ma.sˈə̃w
ul·ti·ma·do,adjetivo,uw.tʃi.mˈa.dʊ
ul·ti·ma·men·te,advérbio,uw.tʃi.ma.mˈẽj.tʃi
ul·ti·mar,verbo,uw.tʃi.mˈa
úl·ti·mas,"nome feminino",ˈuw.tʃi.məs
ul·ti·ma·to,"nome masculino",uw.tʃi.mˈa.tʊ
úl·ti·mo,adjetivo,ˈuw.tʃi.mʊ
úl·ti·mo,"nome masculino",ˈuw.tʃi.mʊ
ul·tra,"nome masculino",ˈuw.tɾə
ul·tra,"nome feminino",ˈuw.tɾə
ul·tra,adjetivo,ˈuw.tɾə
ul·tra-hi·per·bó·li·co,adjetivo,uw.tɾa.i.pɛɾ.bˈɔ.li.kʊ
ul·tra-ho·mé·ri·co,adjetivo,uw.tɾa.o.mˈɛ.ɾi.kʊ
ul·tra-hu·ma·no,adjetivo,uw.tɾa.u.mˈə.nʊ
ul·tra·bá·si·co,adjetivo,uw.tɾa.bˈa.zi.kʊ
ul·tra·cen·tri·fu·ga·ção,"nome feminino",uw.tɾa.sẽ.tɾi.fu.ga.sˈə̃w
ul·tra·cen·tri·fu·gar,verbo,uw.tɾa.sẽ.tɾi.fu.gˈaɾ
ul·tra·com·pe·ten·te,adjetivo,uw.tɾa.kõ.pe.tˈẽj.tʃi
ul·tra·con·fi·an·ça,"nome feminino",uw.tɾa.kõ.fjˈə̃.sə
ul·tra·con·ge·la·ção,"nome feminino",uw.tɾa.kõ.ʒe.la.sˈə̃w
ul·tra·con·ge·la·do,adjetivo,uw.tɾa.kõ.ʒe.lˈa.dʊ
ul·tra·con·ser·va·dor,adjetivo,uw.tɾa.kõ.seɾ.va.dˈoɾ
ul·tra·con·ser·va·dor,"nome masculino",uw.tɾa.kõ.seɾ.va.dˈoɾ
ul·tra·con·ser·va·do·ra,"nome feminino",uw.tɾa.kõ.seɾ.va.dˈo.ɾə
ul·tra·cor·re·ção,"nome feminino",uw.tɾa.ko.xe.sˈə̃w
ul·tra·cor·re·to,adjetivo,uw.tɾa.ko.xˈɛ.tʊ
ul·tra·cor·ri·gi·do,adjetivo,uw.tɾa.ko.xi.ʒˈi.dʊ
ul·tra·cur·to,adjetivo,uw.tɾa.kˈuɾ.tʊ
ul·tra·de·mo·crá·ti·co,adjetivo,uw.tɾa.de.mo.kɾˈa.tʃi.kʊ
ul·tra·di·vi·no,adjetivo,uw.tɾa.dʒi.vˈi.nʊ
ul·tra·es·drú·xu·lo,adjetivo,uw.tɾa.ez.dɾˈu.ʃu.lʊ
ul·tra·e·ti·mo·ló·gi·co,adjetivo,uw.tɾa.e.tʃi.mo.lˈɔ.ʒi.kʊ
"ul·tra·e·xis·tên·ci· a","nome feminino",uw.tɾa.e.zis.tˈẽj.sjə
ul·tra·e·xis·ten·te,adjetivo,uw.tɾa.e.zis.tˈẽj.tʃi
ul·tra·fa·bu·lo·so,adjetivo,uw.tɾa.fa.bu.lˈo.zʊ
ul·tra·fan·tás·ti·co,adjetivo,uw.tɾa.fə̃.tˈas.tʃi.kʊ
ul·tra·fil·tra·ção,"nome feminino",uw.tɾa.fiw.tɾa.sˈə̃w
ul·tra·in·fer·nal,adjetivo,uw.tɾa.ĩ.fer.nˈaw
ul·tra·ja·do,adjetivo,uw.tɾa.ʒˈa.dʊ
ul·tra·jan·te,adjetivo,uw.tɾa.ʒˈə̃.tʃi
ul·tra·jan·te·men·te,advérbio,uw.tɾa.ʒə̃.te.mˈẽj.tʃi
ul·tra·jar,verbo,uw.tɾa.ʒˈa
ul·tra·je,"nome masculino",uw.tɾˈa.ʒi
ul·tra·ju·di·ci·al,adjetivo,uw.tɾa.ʒu.dʒi.sjˈaw
ul·tra·le·ve,adjetivo,uw.tɾa.lˈɛ.vi
ul·tra·le·ve,"nome masculino",uw.tɾa.lˈɛ.vi
ul·tra·li·be·ral,"nome feminino",uw.tɾa.li.be.ɾˈaw
ul·tra·li·be·ral,"nome masculino",uw.tɾa.li.be.ɾˈaw
ul·tra·li·be·ral,adjetivo,uw.tɾa.li.be.ɾˈaw
ul·tra·li·be·ra·lis·mo,"nome masculino",uw.tɾa.li.be.ɾa.lˈiz.mʊ
ul·tra·li·be·ral·men·te,advérbio,"uw.tɾa.li.be.ɾaw.mˈẽj.tʃi ou uw.tɾa.li.be.ɾaw.mˈẽj.tʃi"
ul·tra·lí·ri·co,adjetivo,uw.tɾa.lˈi.ɾi.kʊ
ul·tra·lon·go,adjetivo,uw.tɾa.lˈõ.gʊ
ul·tra·mar,"nome masculino",uw.tɾa.mˈaɾ
ul·tra·ma·ri·no,adjetivo,uw.tɾa.ma.ɾˈi.nʊ
ul·tra·me·ta·mór·fi·co,adjetivo,uw.tɾa.me.ta.mˈɔɾ.fi.kʊ
ul·tra·mi·cros·co·pi·a,"nome feminino",uw.tɾa.mi.kɾos.ko.pˈi.jə
ul·tra·mi·cros·có·pi·co,adjetivo,uw.tɾa.mi.kɾos.kˈɔ.pi.kʊ
"ul·tra·mi·cros·có·pi· o","nome masculino",uw.tɾa.mi.kɾos.kˈɔ.pjʊ
ul·tra·mi·li·ta·ris·mo,"nome masculino",uw.tɾa.mi.li.ta.ɾˈiz.mʊ
ul·tra·mi·li·ta·ris·ta,"nome feminino",uw.tɾa.mi.li.ta.ɾˈis.tə
ul·tra·mi·li·ta·ris·ta,"nome masculino",uw.tɾa.mi.li.ta.ɾˈis.tə
ul·tra·mi·li·ta·ris·ta,adjetivo,uw.tɾa.mi.li.ta.ɾˈis.tə
ul·tra·mo·der·nis·mo,"nome masculino",uw.tɾa.mo.der.nˈiz.mʊ
ul·tra·mo·der·nis·ta,"nome feminino",uw.tɾa.mo.der.nˈis.tə
ul·tra·mo·der·nis·ta,"nome masculino",uw.tɾa.mo.der.nˈis.tə
ul·tra·mo·der·nis·ta,adjetivo,uw.tɾa.mo.der.nˈis.tə
ul·tra·mo·der·no,adjetivo,uw.tɾa.mo.dˈɛr.nʊ
ul·tra·mo·nár·qui·co,"nome masculino",uw.tɾa.mo.nˈaɾ.ki.kʊ
ul·tra·mo·nár·qui·co,adjetivo,uw.tɾa.mo.nˈaɾ.ki.kʊ
ul·tra·mon·ta·na,"nome feminino",uw.tɾa.mõ.tˈə.nə
ul·tra·mon·ta·nis·mo,"nome masculino",uw.tɾa.mõ.ta.nˈiz.mʊ
ul·tra·mon·ta·no,"nome masculino",uw.tɾa.mõ.tˈə.nʊ
ul·tra·mon·ta·no,adjetivo,uw.tɾa.mõ.tˈə.nʊ
ul·tra·mun·da·no,adjetivo,uw.tɾa.mũ.dˈə.nʊ
ul·tra·na·ci·o·na·lis·ta,"nome feminino",uw.tɾa.na.si.o.na.lˈis.tə
ul·tra·na·ci·o·na·lis·ta,"nome masculino",uw.tɾa.na.si.o.na.lˈis.tə
ul·tra·na·ci·o·na·lis·ta,adjetivo,uw.tɾa.na.si.o.na.lˈis.tə
ul·tra·na·tu·ral,adjetivo,uw.tɾa.na.tu.ɾˈaw
ul·tra·o·ce·â·ni·co,adjetivo,uw.tɾa.o.si.ˈə.ni.kʊ
ul·tra·or·to·do·xo,adjetivo,uw.tɾa.oɾ.to.dˈɔ.kə.sʊ
ul·tra·pa·ra·do·xal,adjetivo,uw.tɾa.pa.ɾa.do.kə.sˈaw
ul·tra·pas·sa·do,adjetivo,uw.tɾa.pa.sˈa.dʊ
ul·tra·pas·sa·gem,"nome feminino",uw.tɾa.pa.sˈa.ʒeɲ
ul·tra·pas·san·te,adjetivo,uw.tɾa.pa.sˈə̃.tʃi
ul·tra·pas·sar,verbo,uw.tɾa.pa.sˈa
ul·tra·pas·sá·vel,adjetivo,uw.tɾa.pa.sˈa.vew
ul·tra·pas·teu·ri·za·do,adjetivo,uw.tɾa.pas.tew.ɾi.zˈa.dʊ
ul·tra·pe·ri·fé·ri·co,adjetivo,uw.tɾa.pe.ɾi.fˈɛ.ɾi.kʊ
ul·tra·pres·são,"nome feminino",uw.tɾa.pɾe.sˈə̃w
ul·tra·pro·var,verbo,uw.tɾa.pɾo.vˈaɾ
ul·tra·quí·mi·co,adjetivo,uw.tɾa.kˈi.mi.kʊ
ul·trar·ra·di·cal,adjetivo,uw.tɾa.xa.dʒi.kˈaw
ul·trar·rá·pi·do,adjetivo,uw.tɾa.xˈa.pi.dʊ
ul·trar·re·a·ção,"nome feminino",uw.tɾa.xi.a.sˈə̃w
"ul·trar·re·a·ci·o·ná·ri· a","nome feminino",uw.tɾa.xi.a.si.o.nˈa.ɾjə
"ul·trar·re·a·ci·o·ná·ri· o",adjetivo,uw.tɾa.xi.a.si.o.nˈa.ɾjʊ
"ul·trar·re·a·ci·o·ná·ri· o","nome masculino",uw.tɾa.xi.a.si.o.nˈa.ɾjʊ
ul·trar·re·a·lis·mo,"nome masculino",uw.tɾa.xi.a.lˈiz.mʊ
ul·trar·re·a·lis·ta,"nome feminino",uw.tɾa.xi.a.lˈis.tə
ul·trar·re·a·lis·ta,"nome masculino",uw.tɾa.xi.a.lˈis.tə
ul·trar·re·a·lis·ta,adjetivo,uw.tɾa.xi.a.lˈis.tə
ul·trar·re·vo·lu·ção,"nome feminino",uw.tɾa.xe.vo.lu.sˈə̃w
"ul·trar·re·vo·lu·ci·o·ná·ri· a","nome feminino",uw.tɾa.xe.vo.lu.si.o.nˈa.ɾjə
"ul·trar·re·vo·lu·ci·o·ná·ri· o",adjetivo,uw.tɾa.xe.vo.lu.si.o.nˈa.ɾjʊ
ul·trar·ri·go·ro·so,adjetivo,uw.tɾa.xi.go.ɾˈo.zʊ
ul·trar·ro·mân·ti·ca,"nome feminino",uw.tɾa.xo.mˈə̃.tʃi.kə
ul·trar·ro·mân·ti·co,adjetivo,uw.tɾa.xo.mˈə̃.tʃi.kʊ
ul·trar·ro·mân·ti·co,"nome masculino",uw.tɾa.xo.mˈə̃.tʃi.kʊ
ul·trar·ro·man·tis·mo,"nome masculino",uw.tɾa.xo.mə̃.tʃˈiz.mʊ
ul·trar·ro·man·ti·zar,verbo,uw.tɾa.xo.mə̃.tʃi.zˈaɾ
ul·trar·ro·xo,adjetivo,uw.tɾa.xˈo.ʃʊ
ul·tras·se·cre·to,adjetivo,uw.tɾa.se.kɾˈɛ.tʊ
ul·tras·se·cu·lar,adjetivo,uw.tɾa.se.ku.lˈaɾ
ul·tras·sen·sí·vel,adjetivo,uw.tɾa.sẽ.sˈi.vew
ul·tras·so·fis·ti·ca·do,adjetivo,uw.tɾa.so.fis.tʃi.kˈa.dʊ
ul·tras·so·lar,adjetivo,uw.tɾa.so.lˈaɾ
ul·tras·som,"nome masculino",uw.tɾa.sˈõ
ul·tras·só·ni·co,adjetivo,uw.tɾa.sˈɔ.ni.kʊ
ul·tras·so·no·ro,adjetivo,uw.tɾa.so.nˈɔ.ɾʊ
ul·tra·ter·re·no,adjetivo,uw.tɾa.te.xˈɛ.nʊ
ul·tra·ter·res·tre,adjetivo,uw.tɾa.te.xˈɛs.tɾi
ul·tra·tu·mu·lar,adjetivo,uw.tɾa.tu.mu.lˈaɾ
ul·tra·ve·loz,adjetivo,uw.tɾa.ve.lˈɔs
ul·tra·ver·me·lho,adjetivo,uw.tɾa.veɾ.mˈe.ʎʊ
ul·tra·vi·o·le·ta,adjetivo,uw.tɾa.vi.o.lˈe.tə
ul·tra·vi·o·le·ta,"nome masculino",uw.tɾa.vi.o.lˈe.tə
ul·tra·ví·rus,"nome masculino",uw.tɾa.vˈi.ɾʊs
ul·tra·zo·di·a·cal,adjetivo,uw.tɾa.zo.dʒja.kˈaw
u·lu·lan·te,adjetivo,u.lu.lˈə̃.tʃi
u·lu·lar,verbo,u.lu.lˈa
um,adjetivo,ˈũ
um,artigo,ˈũ
um,pronome,ˈũ
um,número,ˈũ
um,"nome masculino",ˈũ
u·ma,artigo,ˈu.mə
u·mar,verbo,u.mˈa
um·ban·da,"nome feminino",ũ.bˈə̃.də
um·be·lí·fe·ra,"nome feminino",ũ.be.lˈi.fe.ɾə
um·be·lí·fe·ro,adjetivo,ũ.be.lˈi.fe.ɾʊ
um·bi·go,"nome masculino",ũ.bˈi.gʊ
um·bi·li·cal,adjetivo,ũ.bi.li.kˈaw
um·bral,"nome masculino",ũ.bɾˈaw
um·bri·a,"nome feminino",ũ.bɾˈi.jə
um·bro,"nome masculino",ˈũ.bɾʊ
um·bro,adjetivo,ˈũ.bɾʊ
um·bun·do,adjetivo,ũ.bˈũ.dʊ
um·bun·do,"nome masculino",ũ.bˈũ.dʊ
um·bu·zei·ro,"nome masculino",ũ.bu.zˈej.ɾʊ
u·me,"nome masculino",ˈu.mi
ú·me·ro,"nome masculino",ˈu.me.ɾʊ
u·na·men·te,advérbio,u.na.mˈẽj.tʃi
u·na·ni·mar,verbo,u.na.ni.mˈa
u·nâ·ni·me,adjetivo,u.nˈə.ni.mi
u·na·ni·me·men·te,advérbio,u.na.ni.me.mˈẽj.tʃi
u·na·ni·mi·da·de,"nome feminino",u.na.ni.mi.dˈa.dʒi
u·na·ni·mis·mo,"nome masculino",u.na.ni.mˈiz.mʊ
u·na·ni·mis·ta,adjetivo,u.na.ni.mˈis.tə
u·na·ni·mis·ta,"nome masculino","u.na.ni.mˈis.tə ou u.na.ni.mˈis.tə"
u·nar,verbo,u.nˈa
un·ção,"nome feminino",ũ.sˈə̃w
un·dé·ci·mo,número,"ũ.dˈɛ.si.mʊ ou ũ.dˈɛ.si.mʊ"
un·gi·da,"nome feminino",ũ.ʒˈi.də
un·gi·do,adjetivo,ũ.ʒˈi.dʊ
un·gi·do,"nome masculino",ũ.ʒˈi.dʊ
un·gir,verbo,ũ.ʒˈi
un·guen·tar,verbo,ũ.gwẽ.tˈa
un·guen·to,"nome masculino",ũ.gwˈẽj.tʊ
un·gu·la·do,"nome masculino",ũ.gu.lˈa.dʊ
un·gu·la·do,adjetivo,ũ.gu.lˈa.dʊ
u·nha,"nome feminino",ˈu.ɲə
u·nha·da,"nome feminino",u.ɲˈa.də
u·nhão,"nome masculino",u.ɲˈə̃w
u·nhar,verbo,u.ɲˈa
u·ni·ão,"nome feminino",u.ni.ˈə̃w
ú·ni·ca,"nome feminino",ˈu.ni.kə
u·ni·ca·men·te,advérbio,u.ni.ka.mˈẽj.tʃi
u·ni·ce·lu·lar,adjetivo,u.ni.se.lu.lˈaɾ
u·ni·ci·da·de,"nome feminino",u.ni.si.dˈa.dʒi
ú·ni·co,adjetivo,ˈu.ni.kʊ
ú·ni·co,"nome masculino",ˈu.ni.kʊ
u·ni·co·lor,adjetivo,u.ni.ko.lˈoɾ
"u·ni·cór·ni· o","nome masculino",u.ni.kˈɔr.njʊ
u·ni·da·de,"nome feminino",u.ni.dˈa.dʒi
u·ni·da·men·te,advérbio,u.ni.da.mˈẽj.tʃi
u·ni·di·men·si·o·nal,adjetivo,u.ni.dʒi.mẽ.si.o.nˈaw
u·ni·di·re·ci·o·nal,adjetivo,u.ni.dʒi.ɾe.si.o.nˈaw
u·ni·do,adjetivo,u.nˈi.dʊ
u·ni·fi·ca·ção,"nome feminino",u.ni.fi.ka.sˈə̃w
u·ni·fi·ca·do,adjetivo,u.ni.fi.kˈa.dʊ
u·ni·fi·ca·dor,adjetivo,u.ni.fi.ka.dˈoɾ
u·ni·fi·ca·dor,"nome masculino",u.ni.fi.ka.dˈoɾ
u·ni·fi·ca·do·ra,"nome feminino",u.ni.fi.ka.dˈo.ɾə
u·ni·fi·car,verbo,u.ni.fi.kˈa
u·ni·fi·cá·vel,adjetivo,u.ni.fi.kˈa.vew
u·ni·for·mar,verbo,u.ni.foɾ.mˈa
u·ni·for·me,"nome masculino",u.ni.fˈɔɾ.mi
u·ni·for·me,adjetivo,u.ni.fˈɔɾ.mi
u·ni·for·me·men·te,advérbio,u.ni.fɔɾ.me.mˈẽj.tʃi
u·ni·for·mi·da·de,"nome feminino",u.ni.foɾ.mi.dˈa.dʒi
u·ni·for·mi·za·ção,"nome feminino",u.ni.foɾ.mi.za.sˈə̃w
u·ni·for·mi·za·do,adjetivo,u.ni.foɾ.mi.zˈa.dʊ
u·ni·for·mi·za·dor,"nome masculino",u.ni.foɾ.mi.za.dˈoɾ
u·ni·for·mi·za·dor,adjetivo,u.ni.foɾ.mi.za.dˈoɾ
u·ni·for·mi·za·do·ra,"nome feminino",u.ni.foɾ.mi.za.dˈo.ɾə
u·ni·for·mi·zar,verbo,u.ni.foɾ.mi.zˈa
u·ni·gé·ni·to,adjetivo,u.ni.ʒˈɛ.ni.tʊ
u·ni·gé·ni·to,"nome masculino",u.ni.ʒˈɛ.ni.tʊ
u·ni·la·te·ral,adjetivo,u.ni.la.te.ɾˈaw
u·ni·la·te·ra·li·da·de,"nome feminino",u.ni.la.te.ɾa.li.dˈa.dʒi
u·ni·la·te·ra·lis·mo,"nome masculino",u.ni.la.te.ɾa.lˈiz.mʊ
u·ni·la·te·ral·men·te,advérbio,u.ni.la.te.ɾaw.mˈẽj.tʃi
u·ni·no·mi·nal,adjetivo,u.ni.no.mi.nˈaw
u·ni·o·nis·mo,"nome masculino",u.ni.o.nˈiz.mʊ
u·ni·o·nis·ta,adjetivo,u.ni.o.nˈis.tə
u·ni·o·nis·ta,"nome feminino",u.ni.o.nˈis.tə
u·ni·o·nis·ta,"nome masculino",u.ni.o.nˈis.tə
u·ni·pes·so·al,adjetivo,u.ni.pe.so.ˈaw
u·ni·pes·so·al·men·te,advérbio,u.ni.pe.so.aw.mˈẽj.tʃi
u·ni·po·lar,adjetivo,u.ni.po.lˈaɾ
u·ni·po·la·ri·da·de,"nome feminino",u.ni.po.la.ɾi.dˈa.dʒi
u·nir,verbo,u.nˈi
u·nis·se·xo,adjetivo,u.ni.sˈɛ.kə.sʊ
u·nis·se·xu·al,adjetivo,u.ni.sek.swˈaw
u·nis·so·na·men·te,advérbio,u.ni.so.na.mˈẽj.tʃi
u·nís·so·no,"nome masculino",u.nˈi.so.nʊ
u·nís·so·no,adjetivo,u.nˈi.so.nʊ
"u·ni·tá·ri· a","nome feminino",u.ni.tˈa.ɾjə
u·ni·ta·ri·a·men·te,advérbio,u.ni.ta.ɾja.mˈẽj.tʃi
"u·ni·tá·ri· o","nome masculino",u.ni.tˈa.ɾjʊ
"u·ni·tá·ri· o",adjetivo,u.ni.tˈa.ɾjʊ
u·ni·ta·ris·mo,"nome masculino",u.ni.ta.ɾˈiz.mʊ
u·ni·ta·ris·ta,"nome masculino",u.ni.ta.ɾˈis.tə
u·ni·ta·ris·ta,adjetivo,u.ni.ta.ɾˈis.tə
u·ni·ta·ris·ta,"nome feminino",u.ni.ta.ɾˈis.tə
u·ni·ti·vo,adjetivo,u.ni.tʃˈi.vʊ
u·ni·ver·sal,"nome masculino",u.ni.veɾ.sˈaw
u·ni·ver·sal,adjetivo,u.ni.veɾ.sˈaw
u·ni·ver·sa·li·da·de,"nome feminino",u.ni.veɾ.sa.li.dˈa.dʒi
u·ni·ver·sa·lis·mo,"nome masculino",u.ni.veɾ.sa.lˈiz.mʊ
u·ni·ver·sa·lis·ta,"nome masculino",u.ni.veɾ.sa.lˈis.tə
u·ni·ver·sa·lis·ta,adjetivo,u.ni.veɾ.sa.lˈis.tə
u·ni·ver·sa·lis·ta,"nome feminino",u.ni.veɾ.sa.lˈis.tə
u·ni·ver·sa·li·za·ção,"nome feminino",u.ni.veɾ.sa.li.za.sˈə̃w
u·ni·ver·sa·li·zar,verbo,u.ni.veɾ.sa.li.zˈa
u·ni·ver·sa·li·zá·vel,adjetivo,u.ni.veɾ.sa.li.zˈa.vew
u·ni·ver·sal·men·te,advérbio,u.ni.veɾ.saw.mˈẽj.tʃi
u·ni·ver·si·da·de,"nome feminino",u.ni.veɾ.si.dˈa.dʒi
"u·ni·ver·si·tá·ri· a","nome feminino",u.ni.veɾ.si.tˈa.ɾjə
u·ni·ver·si·ta·ri·a·men·te,advérbio,u.ni.veɾ.si.ta.ɾja.mˈẽj.tʃi
"u·ni·ver·si·tá·ri· o",adjetivo,u.ni.veɾ.si.tˈa.ɾjʊ
"u·ni·ver·si·tá·ri· o","nome masculino",u.ni.veɾ.si.tˈa.ɾjʊ
u·ni·ver·so,"nome masculino",u.ni.vˈɛɾ.sʊ
u·ni·vo·ca·men·te,advérbio,u.ni.vo.ka.mˈẽj.tʃi
u·ni·vo·ci·da·de,"nome feminino",u.ni.vo.si.dˈa.dʒi
u·ní·vo·co,adjetivo,u.nˈi.vo.kʊ
u·no,adjetivo,"ˈu.nʊ ou ˈu.nʊ"
un·tar,verbo,ũ.tˈa
un·to,"nome masculino",ˈũ.tʊ
un·tu·o·sa·men·te,advérbio,ũ.tu.ɔ.za.mˈẽj.tʃi
un·tu·o·si·da·de,"nome feminino",ũ.tu.o.zi.dˈa.dʒi
un·tu·o·so,adjetivo,ũ.tu.ˈo.zʊ
u·pa,interjeição,ˈu.pə
u·pa,"nome feminino",ˈu.pə
u·par,verbo,u.pˈa
"up· gra· de","nome masculino",
u·ra,"nome feminino",ˈu.ɾə
u·ra·ci·lo,"nome masculino",u.ɾa.sˈi.lʊ
u·ra·li·ta,"nome feminino",u.ɾa.lˈi.tə
u·râ·ni·co,adjetivo,u.ɾˈə.ni.kʊ
"u·râ·ni· o","nome masculino",u.ɾˈə.njʊ
ur·ba·na,"nome feminino",uɾ.bˈə.nə
ur·ba·na·men·te,advérbio,uɾ.ba.na.mˈẽj.tʃi
ur·ba·ni·da·de,"nome feminino",uɾ.ba.ni.dˈa.dʒi
ur·ba·nis·mo,"nome masculino",uɾ.ba.nˈiz.mʊ
ur·ba·nis·ta,"nome masculino",uɾ.ba.nˈis.tə
ur·ba·nis·ta,adjetivo,uɾ.ba.nˈis.tə
ur·ba·nis·ta,"nome feminino",uɾ.ba.nˈis.tə
ur·ba·nis·ti·ca·men·te,advérbio,uɾ.ba.nis.tʃi.ka.mˈẽj.tʃi
ur·ba·nís·ti·co,adjetivo,uɾ.ba.nˈis.tʃi.kʊ
ur·ba·ni·ta,"nome masculino","uɾ.ba.nˈi.tə ou uɾ.ba.nˈi.tə"
ur·ba·ni·ta,adjetivo,uɾ.ba.nˈi.tə
ur·ba·ni·za·ção,"nome feminino",uɾ.ba.ni.za.sˈə̃w
ur·ba·ni·za·do,adjetivo,uɾ.ba.ni.zˈa.dʊ
ur·ba·ni·za·dor,adjetivo,uɾ.ba.ni.za.dˈoɾ
ur·ba·ni·zar,verbo,uɾ.ba.ni.zˈa
ur·ba·no,"nome masculino",uɾ.bˈə.nʊ
ur·ba·no,adjetivo,uɾ.bˈə.nʊ
ur·be,"nome feminino",ˈuɾ.bi
ur·ca,"nome feminino",ˈuɾ.kə
ur·ca,adjetivo,ˈuɾ.kə
ur·di·do,adjetivo,uɾ.dʒˈi.dʊ
ur·di·du·ra,"nome feminino",uɾ.dʒi.dˈu.ɾə
ur·dir,verbo,uɾ.dʒˈi
ur·du,"nome masculino",uɾ.dˈu
u·rei·a,"nome feminino",u.ɾˈej.jə
u·re·mi·a,"nome feminino",u.ɾe.mˈi.jə
u·ré·ter,"nome masculino",u.ɾˈɛ.tɛɾ
u·re·tra,"nome feminino",u.ɾˈɛ.tɾə
u·re·tri·te,"nome feminino",u.ɾe.tɾˈi.tʃi
"ur·gên·ci· a","nome feminino",uɾ.ʒˈẽj.sjə
ur·gen·te,adjetivo,uɾ.ʒˈẽj.tʃi
ur·gen·te·men·te,advérbio,uɾ.ʒẽ.te.mˈẽj.tʃi
ur·gir,verbo,uɾ.ʒˈi
u·ri,"nome masculino",u.ɾˈi
ú·ri·co,adjetivo,ˈu.ɾi.kʊ
u·ri·na,"nome feminino",u.ɾˈi.nə
u·ri·nar,verbo,u.ɾi.nˈa
"u·ri·ná·ri· o",adjetivo,u.ɾi.nˈa.ɾjʊ
u·ri·nol,"nome masculino",u.ɾi.nˈɔw
ur·na,"nome feminino",ˈur.nə
u·ro,"nome masculino",ˈu.ɾʊ
u·ro·gra·fi·a,"nome feminino",u.ɾo.gɾa.fˈi.jə
u·ro·lo·gi·a,"nome feminino",u.ɾo.lo.ʒˈi.jə
u·ro·ló·gi·co,adjetivo,u.ɾo.lˈɔ.ʒi.kʊ
u·ro·lo·gis·ta,"nome masculino",u.ɾo.lo.ʒˈis.tə
u·ro·lo·gis·ta,"nome feminino",u.ɾo.lo.ʒˈis.tə
ur·ra·ca,"nome feminino",u.xˈa.kə
ur·rar,verbo,u.xˈa
ur·ro,"nome masculino",ˈu.xʊ
ur·so,"nome masculino",ˈuɾ.sʊ
ur·so,adjetivo,ˈuɾ.sʊ
ur·su·li·na,adjetivo,uɾ.su.lˈi.nə
ur·su·li·na,"nome feminino",uɾ.su.lˈi.nə
ur·ti·can·te,adjetivo,uɾ.tʃi.kˈə̃.tʃi
"ur·ti·cá·ri· a","nome feminino",uɾ.tʃi.kˈa.ɾjə
ur·ti·ga,"nome feminino",uɾ.tʃˈi.gə
ur·ti·gar,verbo,uɾ.tʃi.gˈa
u·ru,"nome masculino",u.ɾˈu
u·ru·bu,"nome masculino",u.ɾu.bˈu
u·ru·bu,adjetivo,u.ɾu.bˈu
u·ru·bu,"nome feminino",u.ɾu.bˈu
u·ru·guai·o,adjetivo,u.ɾu.gwˈaj.jʊ
u·ru·guai·o,"nome masculino",u.ɾu.gwˈaj.jʊ
ur·zal,"nome masculino",uɾ.zˈaw
ur·ze,"nome feminino",ˈuɾ.zi
ur·ze·la,"nome feminino",uɾ.zˈɛ.lə
ur·ze·li·na,"nome feminino",uɾ.ze.lˈi.nə
u·sa·do,adjetivo,u.zˈa.dʊ
u·san·ça,"nome feminino",u.zˈə̃.sə
u·sar,verbo,u.zˈa
u·sá·vel,adjetivo,u.zˈa.vew
us·be·que,adjetivo,uz.bˈɛ.ki
us·be·que,"nome masculino","uz.bˈɛ.ki ou uz.bˈɛ.ki"
u·sei·ro,adjetivo,u.zˈej.ɾʊ
us·ga,"nome feminino",ˈuz.gə
u·si·na,"nome feminino",u.zˈi.nə
u·si·nar,verbo,u.zi.nˈa
u·so,"nome masculino",ˈu.zʊ
us·tir,verbo,us.tʃˈi
us·to,adjetivo,ˈus.tʊ
u·su·al,"nome masculino",u.zwˈaw
u·su·al,adjetivo,u.zwˈaw
u·su·al·men·te,advérbio,u.zwaw.mˈẽj.tʃi
"u·su·á·ri· o","nome masculino",u.zwˈa.ɾjʊ
"u·su·á·ri· o",adjetivo,u.zwˈa.ɾjʊ
u·su·ca·pi·ão,"nome feminino",u.zu.ka.pi.ˈə̃w
u·su·fru·i·ção,"nome feminino",u.zu.fɾwi.sˈə̃w
u·su·fru·i·dor,"nome masculino",u.zu.fɾwi.dˈoɾ
u·su·fru·i·dor,adjetivo,u.zu.fɾwi.dˈoɾ
u·su·fru·ir,verbo,u.zu.fɾwˈi
u·su·fru·to,"nome masculino",u.zu.fɾˈu.tʊ
"u·su·fru·tu·á·ri· a","nome feminino",u.zu.fɾu.twˈa.ɾjə
"u·su·fru·tu·á·ri· o",adjetivo,u.zu.fɾu.twˈa.ɾjʊ
"u·su·fru·tu·á·ri· o","nome masculino",u.zu.fɾu.twˈa.ɾjʊ
u·su·ra,"nome feminino",u.zˈu.ɾə
u·su·rar,verbo,u.zu.ɾˈa
"u·su·rá·ri· a","nome feminino",u.zu.ɾˈa.ɾjə
u·su·ra·ri·a·men·te,advérbio,u.zu.ɾa.ɾja.mˈẽj.tʃi
"u·su·rá·ri· o",adjetivo,u.zu.ɾˈa.ɾjʊ
"u·su·rá·ri· o","nome masculino",u.zu.ɾˈa.ɾjʊ
u·sur·pa·ção,"nome feminino",u.zuɾ.pa.sˈə̃w
u·sur·pa·dor,"nome masculino",u.zuɾ.pa.dˈoɾ
u·sur·pa·dor,adjetivo,u.zuɾ.pa.dˈoɾ
u·sur·pa·do·ra,"nome feminino",u.zuɾ.pa.dˈo.ɾə
u·sur·par,verbo,u.zuɾ.pˈa
ut,"nome masculino",ˈut
u·ta,"nome feminino",ˈu.tə
u·ten·si·la·gem,"nome feminino",u.tẽ.si.lˈa.ʒeɲ
"u·ten·sí·li· o","nome masculino",u.tẽ.sˈi.ljʊ
u·ten·te,adjetivo,u.tˈẽj.tʃi
u·ten·te,"nome masculino","u.tˈẽj.tʃi ou u.tˈẽj.tʃi"
u·te·ri·no,adjetivo,u.te.ɾˈi.nʊ
ú·te·ro,"nome masculino",ˈu.te.ɾʊ
ú·til,"nome masculino",ˈu.tʃiw
ú·til,adjetivo,ˈu.tʃiw
u·ti·li·da·de,"nome feminino",u.tʃi.li.dˈa.dʒi
"u·ti·li·tá·ri· a","nome feminino",u.tʃi.li.tˈa.ɾjə
u·ti·li·ta·ri·a·men·te,advérbio,u.tʃi.li.ta.ɾja.mˈẽj.tʃi
"u·ti·li·tá·ri· o","nome masculino",u.tʃi.li.tˈa.ɾjʊ
"u·ti·li·tá·ri· o",adjetivo,u.tʃi.li.tˈa.ɾjʊ
u·ti·li·ta·ris·mo,"nome masculino",u.tʃi.li.ta.ɾˈiz.mʊ
u·ti·li·ta·ris·ta,"nome feminino",u.tʃi.li.ta.ɾˈis.tə
u·ti·li·ta·ris·ta,"nome masculino",u.tʃi.li.ta.ɾˈis.tə
u·ti·li·ta·ris·ta,adjetivo,u.tʃi.li.ta.ɾˈis.tə
u·ti·li·za·ção,"nome feminino",u.tʃi.li.za.sˈə̃w
u·ti·li·za·dor,adjetivo,u.tʃi.li.za.dˈoɾ
u·ti·li·za·dor,"nome masculino",u.tʃi.li.za.dˈoɾ
u·ti·li·za·do·ra,"nome feminino",u.tʃi.li.za.dˈo.ɾə
u·ti·li·zar,verbo,u.tʃi.li.zˈa
u·ti·li·zá·vel,adjetivo,u.tʃi.li.zˈa.vew
u·til·men·te,advérbio,u.tʃiw.mˈẽj.tʃi
u·to·pi·a,"nome feminino",u.to.pˈi.jə
u·to·pi·ca·men·te,advérbio,u.tɔ.pi.ka.mˈẽj.tʃi
u·tó·pi·co,adjetivo,u.tˈɔ.pi.kʊ
u·to·pis·mo,"nome masculino",u.to.pˈiz.mʊ
u·to·pis·ta,"nome feminino",u.to.pˈis.tə
u·to·pis·ta,adjetivo,u.to.pˈis.tə
u·to·pis·ta,"nome masculino",u.to.pˈis.tə
u·va,"nome feminino",ˈu.və
va·ca,"nome feminino",vˈa.kə
va·ca·da,"nome feminino",va.kˈa.də
va·can·te,adjetivo,va.kˈə̃.tʃi
va·car,verbo,va.kˈa
va·ca·ri·a,"nome feminino",va.ka.ɾˈi.jə
va·ca·tu·ra,"nome feminino",va.ka.tˈu.ɾə
va·ci·la·ção,"nome feminino",va.si.la.sˈə̃w
va·ci·lan·te,adjetivo,va.si.lˈə̃.tʃi
va·ci·lan·te·men·te,advérbio,va.si.lə̃.te.mˈẽj.tʃi
va·ci·lar,verbo,va.si.lˈa
va·ci·na,"nome feminino",va.sˈi.nə
va·ci·na·ção,"nome feminino",va.si.na.sˈə̃w
va·ci·na·do,adjetivo,va.si.nˈa.dʊ
va·ci·nal,adjetivo,va.si.nˈaw
va·ci·nar,verbo,va.si.nˈa
va·cui·da·de,"nome feminino",va.kwi.dˈa.dʒi
va·cum,adjetivo,va.kˈũ
va·cum,"nome masculino",va.kˈũ
"vá·cu· o",adjetivo,vˈa.kwʊ
"vá·cu· o","nome masculino",vˈa.kwʊ
va·di·a,"nome feminino",va.dʒˈi.jə
va·di·a·gem,"nome feminino",va.dʒjˈa.ʒeɲ
va·di·a·men·te,advérbio,va.dʒja.mˈẽj.tʃi
va·di·ar,verbo,va.dʒjˈa
va·di·o,"nome masculino",va.dʒˈi.ʊ
va·di·o,adjetivo,va.dʒˈi.ʊ
va·ga,"nome feminino",vˈa.gə
va·ga·bun·da,"nome feminino",va.ga.bˈũ.də
va·ga·bun·da·gem,"nome feminino",va.ga.bũ.dˈa.ʒeɲ
va·ga·bun·dar,verbo,va.ga.bũ.dˈa
va·ga·bun·de·ar,verbo,va.ga.bũ.dʒi.ˈa
va·ga·bun·do,"nome masculino",va.ga.bˈũ.dʊ
va·ga·bun·do,adjetivo,va.ga.bˈũ.dʊ
va·ga·lhão,"nome masculino",va.ga.ʎˈə̃w
va·ga·men·te,advérbio,va.ga.mˈẽj.tʃi
va·ga·mun·do,"nome masculino",va.ga.mˈũ.dʊ
va·ga·mun·do,adjetivo,va.ga.mˈũ.dʊ
va·gão,"nome masculino",va.gˈə̃w
va·gão-res·tau·ran·te,"nome masculino",va.gˌə̃w.xes.taw.ɾˈə̃.tʃi
va·gar,verbo,va.gˈa
va·gar,"nome masculino",va.gˈaɾ
va·ga·ro·sa,"nome feminino",va.ga.ɾˈɔ.zə
va·ga·ro·sa·men·te,advérbio,va.ga.ɾo.za.mˈẽj.tʃi
va·ga·ro·so,adjetivo,va.ga.ɾˈo.zʊ
va·gem,"nome feminino",vˈa.ʒeɲ
va·gi·do,"nome masculino",va.ʒˈi.dʊ
va·gi·na,"nome feminino",va.ʒˈi.nə
va·gi·nal,adjetivo,va.ʒi.nˈaw
va·gi·nis·mo,"nome masculino",va.ʒi.nˈiz.mʊ
va·gir,verbo,va.ʒˈi
va·go,"nome masculino",vˈa.gʊ
va·go,adjetivo,vˈa.gʊ
va·go·ne·ta,"nome feminino",va.go.nˈe.tə
va·go·ne·te,"nome masculino",va.go.nˈɛ.tʃi
va·gue·ar,verbo,va.gi.ˈa
va·guei·ra,"nome feminino",va.gˈej.ɾə
va·guei·ro,adjetivo,va.gˈej.ɾʊ
va·guen·se,"nome masculino","va.gˈẽj.si ou va.gˈẽj.si"
va·guen·se,adjetivo,va.gˈẽj.si
va·guís·si·mo,adjetivo,va.gˈi.si.mʊ
vai-não-vai,advérbio,vˌaj.nə̃w.vˈaj
vai-não-vai,"nome masculino",vˌaj.nə̃w.vˈaj
vai·a,"nome feminino",vˈaj.jə
vai·ar,verbo,vaj.ˈa
vai·da·de,"nome feminino",vaj.dˈa.dʒi
vai·do·sa,"nome feminino",vaj.dˈɔ.zə
vai·do·sa·men·te,advérbio,vaj.dɔ.za.mˈẽj.tʃi
vai·do·so,adjetivo,vaj.dˈo.zʊ
vai·do·so,"nome masculino",vaj.dˈo.zʊ
vai·rão,"nome masculino",vaj.ɾˈə̃w
vai·vém,"nome masculino",vaj.vˈeɲ
va·la,"nome feminino",vˈa.lə
va·la·da,"nome feminino",va.lˈa.də
va·la·do,"nome masculino",va.lˈa.dʊ
va·la·do,adjetivo,va.lˈa.dʊ
va·la·dor,"nome masculino",va.la.dˈoɾ
va·la·dor,adjetivo,va.la.dˈoɾ
va·lão,"nome masculino",va.lˈə̃w
va·lão,adjetivo,va.lˈə̃w
"va·lá·qui· a","nome feminino",va.lˈa.kjə
"va·lá·qui· o","nome masculino",va.lˈa.kjʊ
"va·lá·qui· o",adjetivo,va.lˈa.kjʊ
va·lar,adjetivo,va.lˈaɾ
va·lar,verbo,va.lˈa
val·bo·en·se,"nome masculino","vaw.bwˈẽj.si ou vaw.bwˈẽj.si"
val·bo·en·se,adjetivo,vaw.bwˈẽj.si
val·den·se,adjetivo,vaw.dˈẽj.si
val·den·se,"nome feminino",vaw.dˈẽj.si
val·den·se,"nome masculino",vaw.dˈẽj.si
val·de·vi·nos,"nome masculino",vaw.de.vˈi.nʊs
val·do,"nome masculino",vˈaw.dʊ
va·le,"nome masculino",vˈa.li
va·le-cam·bren·se,"nome masculino","vˌa.li.kə̃.bɾˈẽj.si ou vˌa.li.kə̃.bɾˈẽj.si"
va·le-cam·bren·se,adjetivo,vˌa.li.kə̃.bɾˈẽj.si
va·le·dor,"nome masculino",va.le.dˈoɾ
va·le·dor,adjetivo,va.le.dˈoɾ
va·lei·ra,"nome feminino",va.lˈej.ɾə
va·lei·ro,adjetivo,va.lˈej.ɾʊ
va·lei·ro,"nome masculino",va.lˈej.ɾʊ
va·le·jo,"nome masculino",va.lˈe.ʒʊ
"va·lên·ci· a","nome feminino",va.lˈẽj.sjə
va·len·ci·a·na,"nome feminino",va.lẽ.sjˈə.nə
va·len·ci·a·no,adjetivo,va.lẽ.sjˈə.nʊ
va·len·ci·a·no,"nome masculino",va.lẽ.sjˈə.nʊ
va·len·tão,"nome masculino",va.lẽ.tˈə̃w
va·len·tão,adjetivo,va.lẽ.tˈə̃w
va·len·te,"nome masculino",va.lˈẽj.tʃi
va·len·te,adjetivo,va.lˈẽj.tʃi
va·len·te,"nome feminino",va.lˈẽj.tʃi
va·len·te·men·te,advérbio,va.lẽ.te.mˈẽj.tʃi
va·len·ti·a,"nome feminino",va.lẽ.tʃˈi.jə
va·ler,verbo,va.lˈe
va·le·ri·a·na,"nome feminino",va.le.ɾjˈə.nə
va·le·ro·sa·men·te,advérbio,va.le.ɾɔ.za.mˈẽj.tʃi
va·le·ro·so,adjetivo,va.le.ɾˈo.zʊ
va·le·te,"nome masculino",va.lˈɛ.tʃi
va·li·a,"nome feminino",va.lˈi.jə
va·li·da,"nome feminino",va.lˈi.də
va·li·da·ção,"nome feminino",va.li.da.sˈə̃w
va·li·da·de,"nome feminino",va.li.dˈa.dʒi
va·li·da·men·te,advérbio,va.li.da.mˈẽj.tʃi
va·li·dar,verbo,va.li.dˈa
va·li·dez,"nome feminino",va.li.dˈes
vá·li·do,adjetivo,vˈa.li.dʊ
va·li·do,"nome masculino",va.lˈi.dʊ
va·li·do,adjetivo,va.lˈi.dʊ
va·li·men·to,"nome masculino",va.li.mˈẽj.tʊ
va·li·o·sa·men·te,advérbio,va.li.ɔ.za.mˈẽj.tʃi
va·li·o·so,adjetivo,va.li.ˈo.zʊ
va·lo,"nome masculino",vˈa.lʊ
va·lon·guen·se,"nome masculino","va.lõ.gˈẽj.si ou va.lõ.gˈẽj.si"
va·lon·guen·se,adjetivo,va.lõ.gˈẽj.si
va·lor,"nome masculino",va.lˈoɾ
va·lor-ba·se,"nome masculino",va.lˌor.bˈa.zi
va·lo·ra·ção,"nome feminino",va.lo.ɾa.sˈə̃w
va·lo·ra·do,adjetivo,va.lo.ɾˈa.dʊ
va·lo·rar,verbo,va.lo.ɾˈa
va·lo·ra·ti·vo,adjetivo,va.lo.ɾa.tʃˈi.vʊ
va·lo·ri·za·ção,"nome feminino",va.lo.ɾi.za.sˈə̃w
va·lo·ri·za·do,adjetivo,va.lo.ɾi.zˈa.dʊ
va·lo·ri·za·dor,adjetivo,va.lo.ɾi.za.dˈoɾ
va·lo·ri·za·dor,"nome masculino",va.lo.ɾi.za.dˈoɾ
va·lo·ri·za·do·ra,"nome feminino",va.lo.ɾi.za.dˈo.ɾə
va·lo·ri·zar,verbo,va.lo.ɾi.zˈa
va·lo·ri·zá·vel,adjetivo,va.lo.ɾi.zˈa.vew
va·lo·ro·sa·men·te,advérbio,va.lo.ɾɔ.za.mˈẽj.tʃi
va·lo·ro·so,adjetivo,va.lo.ɾˈo.zʊ
val·pa·cen·se,adjetivo,vaw.pa.sˈẽj.si
val·pa·cen·se,"nome masculino","vaw.pa.sˈẽj.si ou vaw.pa.sˈẽj.si"
"val·quí·ri· a","nome feminino",vaw.kˈi.ɾjə
val·sa,"nome feminino",vˈaw.sə
val·sar,verbo,vaw.sˈa
val·ver·de,"nome masculino",vaw.vˈeɾ.dʒi
vál·vu·la,"nome feminino",vˈaw.vu.lə
val·vu·lar,adjetivo,vaw.vu.lˈaɾ
vam·pe,"nome feminino",vˈə̃.pi
vam·pí·ri·co,adjetivo,və̃.pˈi.ɾi.kʊ
vam·pi·ris·mo,"nome masculino",və̃.pi.ɾˈiz.mʊ
vam·pi·ri·zar,verbo,və̃.pi.ɾi.zˈa
vam·pi·ro,"nome masculino",və̃.pˈi.ɾʊ
"va·ná·di· o","nome masculino",va.nˈa.dʒjʊ
van·da·lis·mo,"nome masculino",və̃.da.lˈiz.mʊ
van·da·li·za·ção,"nome feminino",və̃.da.li.za.sˈə̃w
van·da·li·zar,verbo,və̃.da.li.zˈa
vân·da·lo,"nome masculino",vˈə̃.da.lʊ
vân·da·lo,adjetivo,vˈə̃.da.lʊ
"van·gló·ri· a","nome feminino",və̃.glˈɔ.ɾjə
van·glo·ri·ar,verbo,və̃.glo.ɾjˈa
van·guar·da,"nome feminino",və̃.gwˈaɾ.də
van·guar·dis·mo,"nome masculino",və̃.gwaɾ.dʒˈiz.mʊ
van·guar·dis·ta,"nome masculino",və̃.gwaɾ.dʒˈis.tə
van·guar·dis·ta,"nome feminino",və̃.gwaɾ.dʒˈis.tə
van·guar·dis·ta,adjetivo,və̃.gwaɾ.dʒˈis.tə
va·ni·da·de,"nome feminino",va.ni.dˈa.dʒi
van·ta·gem,"nome feminino",və̃.tˈa.ʒeɲ
van·ta·jo·sa·men·te,advérbio,və̃.ta.ʒɔ.za.mˈẽj.tʃi
van·ta·jo·so,adjetivo,və̃.ta.ʒˈo.zʊ
van·te,"nome feminino",vˈə̃.tʃi
vão,adjetivo,vˈə̃w
vão,"nome masculino",vˈə̃w
va·por,"nome masculino",va.pˈoɾ
va·po·rar,verbo,va.po.ɾˈa
va·po·ri·za·ção,"nome feminino",va.po.ɾi.za.sˈə̃w
va·po·ri·za·dor,"nome masculino",va.po.ɾi.za.dˈoɾ
va·po·ri·za·dor,adjetivo,va.po.ɾi.za.dˈoɾ
va·po·ri·zar,verbo,va.po.ɾi.zˈa
va·po·ro·sa·men·te,advérbio,va.po.ɾɔ.za.mˈẽj.tʃi
va·po·ro·so,adjetivo,va.po.ɾˈo.zʊ
va·quei·ra,"nome feminino",va.kˈej.ɾə
va·quei·ro,"nome masculino",va.kˈej.ɾʊ
va·quei·ro,adjetivo,va.kˈej.ɾʊ
va·qui·nha,"nome feminino",va.kˈi.ɲə
va·ra,"nome feminino",vˈa.ɾə
va·ra·da,"nome feminino",va.ɾˈa.də
va·ra·do,"nome masculino",va.ɾˈa.dʊ
va·ra·do,adjetivo,va.ɾˈa.dʊ
va·ra·dou·ro,"nome masculino",va.ɾa.dˈo.ɾʊ
va·ral,"nome masculino",va.ɾˈaw
va·ran·da,"nome feminino",va.ɾˈə̃.də
va·ran·dim,"nome masculino",va.ɾə̃.dʒˈiɲ
va·rão,"nome masculino",va.ɾˈə̃w
va·rão,adjetivo,va.ɾˈə̃w
va·ra·pau,"nome masculino",va.ɾa.pˈaw
va·rar,verbo,va.ɾˈa
va·rei·ra,"nome feminino",va.ɾˈej.ɾə
va·rei·ro,adjetivo,va.ɾˈej.ɾʊ
va·rei·ro,"nome masculino",va.ɾˈej.ɾʊ
va·re·jão,"nome masculino",va.ɾe.ʒˈə̃w
va·re·jar,verbo,va.ɾe.ʒˈa
va·re·jei·ra,"nome feminino",va.ɾe.ʒˈej.ɾə
va·re·jei·ro,adjetivo,va.ɾe.ʒˈej.ɾʊ
va·re·jo,adjetivo,va.ɾˈe.ʒʊ
va·re·jo,"nome masculino",va.ɾˈe.ʒʊ
va·re·la,adjetivo,va.ɾˈɛ.lə
va·re·la,"nome feminino",va.ɾˈɛ.lə
va·re·ta,"nome feminino",va.ɾˈe.tə
var·ga,"nome feminino",vˈaɾ.gə
var·gem,"nome feminino",vˈaɾ.ʒeɲ
"vá·ri· a","nome feminino",vˈa.ɾjə
va·ri·a·bi·li·da·de,"nome feminino",va.ɾja.bi.li.dˈa.dʒi
va·ri·a·ção,"nome feminino",va.ɾja.sˈə̃w
va·ri·a·da·men·te,advérbio,va.ɾja.da.mˈẽj.tʃi
va·ri·a·dís·si·mo,adjetivo,va.ɾja.dʒˈi.si.mʊ
va·ri·a·do,adjetivo,va.ɾjˈa.dʊ
va·ri·a·men·te,advérbio,va.ɾja.mˈẽj.tʃi
"va·ri·ân·ci· a","nome feminino",va.ɾjˈə̃.sjə
va·ri·an·te,adjetivo,va.ɾjˈə̃.tʃi
va·ri·an·te,"nome feminino",va.ɾjˈə̃.tʃi
va·ri·ar,verbo,va.ɾjˈa
va·ri·á·vel,"nome feminino",va.ɾjˈa.vew
va·ri·á·vel,adjetivo,va.ɾjˈa.vew
va·ri·a·vel·men·te,advérbio,va.ɾja.vew.mˈẽj.tʃi
va·ri·ce·la,"nome feminino",va.ɾi.sˈɛ.lə
va·ri·ce·lar,verbo,va.ɾi.se.lˈa
va·ri·e·da·de,"nome feminino",va.ɾi.e.dˈa.dʒi
va·ri·e·ga·da·men·te,advérbio,va.ɾi.ɛ.ga.da.mˈẽj.tʃi
va·ri·e·ga·do,adjetivo,va.ɾi.ɛ.gˈa.dʊ
va·ri·e·gar,verbo,va.ɾi.ɛ.gˈa
va·ri·nha,"nome feminino",va.ɾˈi.ɲə
va·ri·no,adjetivo,va.ɾˈi.nʊ
va·ri·no,"nome masculino",va.ɾˈi.nʊ
"vá·ri· o",adjetivo,vˈa.ɾjʊ
va·rí·o·la,"nome feminino",va.ɾˈi.o.lə
va·riz,"nome feminino",va.ɾˈis
var·jão,"nome masculino",vaɾ.ʒˈə̃w
va·ro·ni·a,"nome feminino",va.ɾo.nˈi.jə
va·ro·nil,adjetivo,va.ɾo.nˈiw
va·ro·nil·men·te,advérbio,va.ɾo.niw.mˈẽj.tʃi
var·ras·co,"nome masculino",va.xˈas.kʊ
var·re·de·la,"nome feminino",va.xe.dˈɛ.lə
var·re·dor,adjetivo,va.xe.dˈoɾ
var·re·dor,"nome masculino",va.xe.dˈoɾ
var·re·do·ra,"nome feminino",va.xe.dˈo.ɾə
var·re·dou·ra,adjetivo,va.xe.dˈo.ɾə
var·re·dou·ra,"nome feminino",va.xe.dˈo.ɾə
var·re·du·ra,"nome feminino",va.xe.dˈu.ɾə
var·rer,verbo,va.xˈe
var·ri·da,"nome feminino",va.xˈi.də
var·ri·do,"nome masculino",va.xˈi.dʊ
var·ri·do,adjetivo,va.xˈi.dʊ
var·so·vi·a·na,"nome feminino",vaɾ.so.vjˈə.nə
var·so·vi·a·no,adjetivo,vaɾ.so.vjˈə.nʊ
"vár·ze· a","nome feminino",vˈaɾ.zjə
var·zim,"nome masculino",vaɾ.zˈiɲ
var·zim,adjetivo,vaɾ.zˈiɲ
va·sa,"nome feminino",vˈa.zə
vas·ca,"nome feminino",vˈas.kə
vas·cão,"nome masculino",vas.kˈə̃w
vas·cão,adjetivo,vas.kˈə̃w
vas·co,"nome masculino",vˈas.kʊ
vas·co,adjetivo,vˈas.kʊ
vas·cu·lar,adjetivo,vas.ku.lˈaɾ
vas·cu·la·ri·za·ção,"nome feminino",vas.ku.la.ɾi.za.sˈə̃w
vas·cu·lhar,verbo,vas.ku.ʎˈa
va·sec·to·mi·a,"nome feminino",va.ze.kə.to.mˈi.jə
va·se·li·na,"nome feminino",va.ze.lˈi.nə
va·se·li·na,"nome masculino",va.ze.lˈi.nə
va·si·lha,"nome feminino",va.zˈi.ʎə
va·si·lha·me,"nome masculino",va.zi.ʎˈə.mi
va·so,"nome masculino",vˈa.zʊ
va·so·di·la·ta·dor,"nome masculino",va.zo.dʒi.la.ta.dˈoɾ
va·so·di·la·ta·dor,adjetivo,va.zo.dʒi.la.ta.dˈoɾ
va·so·pres·si·na,"nome feminino",va.zɔ.pɾe.sˈi.nə
vas·sa·la·gem,"nome feminino",va.sa.lˈa.ʒeɲ
vas·sa·lo,"nome masculino",va.sˈa.lʊ
vas·sa·lo,adjetivo,va.sˈa.lʊ
vas·sou·ra,"nome feminino",va.sˈo.ɾə
vas·sou·ra·da,"nome feminino",va.so.ɾˈa.də
vas·sou·rar,verbo,va.so.ɾˈa
vas·sou·ri·nha,"nome feminino",va.so.ɾˈi.ɲə
vas·ta·men·te,advérbio,vas.ta.mˈẽj.tʃi
vas·tar,verbo,vas.tˈa
vas·ti·dão,"nome feminino",vas.tʃi.dˈə̃w
vas·tís·si·mo,adjetivo,vas.tʃˈi.si.mʊ
vas·to,adjetivo,vˈas.tʊ
va·ta·pá,"nome masculino",va.ta.pˈa
va·te,"nome feminino",vˈa.tʃi
va·te,"nome masculino",vˈa.tʃi
va·ti·ca·nis·ta,adjetivo,va.tʃi.ka.nˈis.tə
va·ti·ca·nis·ta,"nome masculino","va.tʃi.ka.nˈis.tə ou va.tʃi.ka.nˈis.tə"
va·ti·ca·no,adjetivo,va.tʃi.kˈə.nʊ
va·ti·ci·nar,verbo,va.tʃi.si.nˈa
"va·ti·cí·ni· o","nome masculino",va.tʃi.sˈi.njʊ
"vá·tu· a","nome masculino","vˈa.twə ou vˈa.twə"
"vá·tu· a",adjetivo,vˈa.twə
vau,"nome masculino",vˈaw
"vau· de· vil· le","nome masculino",
va·za,"nome feminino",vˈa.zə
va·za·do,"nome masculino",va.zˈa.dʊ
va·za·do,adjetivo,va.zˈa.dʊ
va·za·dou·ro,"nome masculino",va.za.dˈo.ɾʊ
va·za·men·to,"nome masculino",va.za.mˈẽj.tʊ
va·zan·te,"nome feminino",va.zˈə̃.tʃi
va·zan·te,adjetivo,va.zˈə̃.tʃi
va·zão,"nome feminino",va.zˈə̃w
va·zar,verbo,va.zˈa
va·zi·a,"nome feminino",va.zˈi.jə
va·zi·a·men·te,advérbio,va.zja.mˈẽj.tʃi
va·zi·ar,verbo,va.zjˈa
va·zi·o,adjetivo,va.zˈi.ʊ
va·zi·o,"nome masculino",va.zˈi.ʊ
va·zo,adjetivo,vˈa.zʊ
vê,"nome masculino",vˈe
vê-lo-e·mos,"nome masculino",vˌe.lʊ.ˈe.mʊs
ve·a·do,"nome masculino",vi.ˈa.dʊ
ve·a·dor,"nome masculino",vi.a.dˈoɾ
vec·to·ri·al,adjetivo,ve.kə.to.ɾjˈaw
vec·to·ri·zar,verbo,ve.kə.to.ɾi.zˈa
ve·da,"nome feminino",vˈɛ.də
ve·da·ção,"nome feminino",ve.da.sˈə̃w
ve·da·do,"nome masculino",ve.dˈa.dʊ
ve·da·do,adjetivo,ve.dˈa.dʊ
ve·dar,verbo,ve.dˈa
ve·de·ta,"nome feminino",ve.dˈe.tə
ve·de·tis·mo,"nome masculino",ve.de.tʃˈiz.mʊ
vé·di·co,adjetivo,vˈɛ.dʒi.kʊ
ve·dor,adjetivo,vɛ.dˈoɾ
ve·dor,"nome masculino",vɛ.dˈoɾ
ve·do·ri·a,"nome feminino",vɛ.do.ɾˈi.jə
ve·dro,"nome masculino",vˈɛ.dɾʊ
ve·dro,adjetivo,vˈɛ.dɾʊ
"ve·e·mên·ci· a","nome feminino",ve.e.mˈẽj.sjə
ve·e·men·te,adjetivo,ve.e.mˈẽj.tʃi
ve·e·men·te·men·te,advérbio,ve.e.mẽ.te.mˈẽj.tʃi
"ve· gan","nome masculino",ou
"ve· gan",adjetivo,
ve·ge·ta·ção,"nome feminino",ve.ʒe.ta.sˈə̃w
ve·ge·tal,"nome masculino",ve.ʒe.tˈaw
ve·ge·tal,adjetivo,ve.ʒe.tˈaw
ve·ge·ta·lis·ta,adjetivo,ve.ʒe.ta.lˈis.tə
ve·ge·ta·lis·ta,"nome masculino","ve.ʒe.ta.lˈis.tə ou ve.ʒe.ta.lˈis.tə"
ve·ge·tar,verbo,ve.ʒe.tˈa
ve·ge·ta·ri·a·na,"nome feminino",ve.ʒe.ta.ɾjˈə.nə
ve·ge·ta·ri·a·nis·mo,"nome masculino",ve.ʒe.ta.ɾja.nˈiz.mʊ
ve·ge·ta·ri·a·no,adjetivo,ve.ʒe.ta.ɾjˈə.nʊ
ve·ge·ta·ri·a·no,"nome masculino",ve.ʒe.ta.ɾjˈə.nʊ
ve·ge·ta·ti·va·men·te,advérbio,ve.ʒe.ta.tʃi.va.mˈẽj.tʃi
ve·ge·ta·ti·vo,adjetivo,ve.ʒe.ta.tʃˈi.vʊ
vei·a,"nome feminino",vˈej.jə
vei·cu·la·ção,"nome feminino",vej.ku.la.sˈə̃w
vei·cu·la·dor,"nome masculino",vej.ku.la.dˈoɾ
vei·cu·la·dor,adjetivo,vej.ku.la.dˈoɾ
vei·cu·lar,verbo,vej.ku.lˈa
vei·cu·lar,adjetivo,vej.ku.lˈaɾ
ve·í·cu·lo,"nome masculino",ve.ˈi.ku.lʊ
vei·ga,"nome feminino",vˈej.gə
vei·o,"nome masculino",vˈej.jʊ
vei·ro,"nome masculino",vˈej.ɾʊ
ve·la,"nome feminino",vˈɛ.lə
ve·la·da,"nome feminino",ve.lˈa.də
ve·la·da·men·te,advérbio,ve.la.da.mˈẽj.tʃi
ve·la·do,adjetivo,ve.lˈa.dʊ
ve·la·dor,adjetivo,ve.la.dˈoɾ
ve·la·do·ra,"nome feminino",ve.la.dˈo.ɾə
ve·la·me,"nome masculino",ve.lˈə.mi
ve·lar,"nome feminino",ve.lˈaɾ
ve·lar,adjetivo,ve.lˈaɾ
ve·lar,verbo,ve.lˈa
ve·la·tu·ra,"nome feminino",ve.la.tˈu.ɾə
vel·cro,"nome masculino",vˈɛw.kɾʊ
ve·lei·da·de,"nome feminino",ve.lej.dˈa.dʒi
ve·lei·ro,"nome masculino",ve.lˈej.ɾʊ
ve·lei·ro,adjetivo,ve.lˈej.ɾʊ
ve·le·ja·dor,"nome masculino",ve.le.ʒa.dˈoɾ
ve·le·ja·dor,adjetivo,ve.le.ʒa.dˈoɾ
ve·le·jar,verbo,ve.le.ʒˈa
ve·le·ta,"nome feminino",ve.lˈe.tə
ve·lha,"nome feminino",vˈɛ.ʎə
ve·lha·ca,"nome feminino",vɛ.ʎˈa.kə
ve·lha·ca·men·te,advérbio,ve.ʎa.ka.mˈẽj.tʃi
ve·lha·ca·ri·a,"nome feminino",ve.ʎa.ka.ɾˈi.jə
ve·lha·co,adjetivo,ve.ʎˈa.kʊ
ve·lha·co,"nome masculino",ve.ʎˈa.kʊ
ve·lha·da,"nome feminino",vɛ.ʎˈa.də
ve·lha·ri·a,"nome feminino",ve.ʎa.ɾˈi.jə
ve·lhi·ce,"nome feminino",ve.ʎˈi.si
ve·lhi·nha,"nome feminino",ve.ʎˈi.ɲə
ve·lhi·nho,"nome masculino",ve.ʎˈi.ɲʊ
ve·lhi·nho,adjetivo,ve.ʎˈi.ɲʊ
ve·lho,"nome masculino",vˈɛ.ʎʊ
ve·lho,adjetivo,vˈɛ.ʎʊ
ve·lho·te,"nome masculino",ve.ʎˈɔ.tʃi
ve·lho·te,adjetivo,ve.ʎˈɔ.tʃi
ve·li·nha,"nome feminino",ve.lˈi.ɲə
ve·lo,"nome masculino",vˈɛ.lʊ
ve·lo·ci·da·de,"nome feminino",ve.lo.si.dˈa.dʒi
ve·lo·cí·me·tro,"nome masculino",ve.lo.sˈi.me.tɾʊ
ve·lo·cí·pe·de,"nome masculino",ve.lo.sˈi.pe.dʒi
ve·lo·cí·pe·de,adjetivo,ve.lo.sˈi.pe.dʒi
ve·lo·ci·pe·di·a,"nome feminino",ve.lo.si.pe.dʒˈi.jə
ve·lo·ci·pé·di·co,adjetivo,ve.lo.si.pˈɛ.dʒi.kʊ
ve·lo·cís·si·mo,adjetivo,ve.lo.sˈi.si.mʊ
ve·lo·cis·ta,"nome masculino",ve.lo.sˈis.tə
ve·lo·cis·ta,"nome feminino",ve.lo.sˈis.tə
ve·ló·dro·mo,"nome masculino",ve.lˈɔ.dɾo.mʊ
"ve·ló·ri· o","nome masculino",ve.lˈɔ.ɾjʊ
ve·lo·so,adjetivo,ve.lˈo.zʊ
ve·loz,adjetivo,ve.lˈɔs
ve·loz·men·te,advérbio,ve.loz.mˈẽj.tʃi
ve·lu·do,adjetivo,ve.lˈu.dʊ
ve·lu·do,"nome masculino",ve.lˈu.dʊ
ve·nal,adjetivo,ve.nˈaw
ve·na·li·da·de,"nome feminino",ve.na.li.dˈa.dʒi
ve·nal·men·te,advérbio,ve.naw.mˈẽj.tʃi
"ve·na·tó·ri· o",adjetivo,ve.na.tˈɔ.ɾjʊ
ven·ce·dor,adjetivo,vẽ.se.dˈoɾ
ven·ce·dor,"nome masculino",vẽ.se.dˈoɾ
ven·ce·do·ra,"nome feminino",vẽ.se.dˈo.ɾə
ven·cer,verbo,vẽ.sˈe
ven·ci·da,"nome feminino",vẽ.sˈi.də
ven·ci·do,adjetivo,vẽ.sˈi.dʊ
ven·ci·do,"nome masculino",vẽ.sˈi.dʊ
ven·ci·men·to,"nome masculino",vẽ.si.mˈẽj.tʊ
ven·da,"nome feminino",vˈẽj.də
ven·da·do,adjetivo,vẽ.dˈa.dʊ
ven·da·gem,"nome feminino",vẽ.dˈa.ʒeɲ
ven·dar,verbo,vẽ.dˈa
ven·da·val,"nome masculino",vẽ.da.vˈaw
ven·dá·vel,adjetivo,vẽ.dˈa.vew
ven·de·dei·ra,"nome feminino",vẽ.de.dˈej.ɾə
ven·de·dor,"nome masculino",vẽ.de.dˈoɾ
ven·de·dor,adjetivo,vẽ.de.dˈoɾ
ven·de·do·ra,"nome feminino",vẽ.de.dˈo.ɾə
ven·der,verbo,vẽ.dˈe
ven·de·ta,"nome feminino",vẽ.dˈe.tə
ven·di·da,"nome feminino",vẽ.dʒˈi.də
ven·di·do,"nome masculino",vẽ.dʒˈi.dʊ
ven·di·do,adjetivo,vẽ.dʒˈi.dʊ
ven·di·lhão,"nome masculino",vẽ.dʒi.ʎˈə̃w
ve·ne·no,"nome masculino",ve.nˈɛ.nʊ
ve·ne·no·sa·men·te,advérbio,ve.ne.nɔ.za.mˈẽj.tʃi
ve·ne·no·so,adjetivo,ve.ne.nˈo.zʊ
ve·ne·ra,"nome feminino",ve.nˈɛ.ɾə
ve·ne·ra·ção,"nome feminino",ve.ne.ɾa.sˈə̃w
ve·ne·ra·da·men·te,advérbio,ve.ne.ɾa.da.mˈẽj.tʃi
ve·ne·ra·do,adjetivo,ve.ne.ɾˈa.dʊ
ve·ne·ra·dor,"nome masculino",ve.ne.ɾa.dˈoɾ
ve·ne·ra·dor,adjetivo,ve.ne.ɾa.dˈoɾ
ve·ne·ran·do,adjetivo,ve.ne.ɾˈə̃.dʊ
ve·ne·rar,verbo,ve.ne.ɾˈa
ve·ne·rá·vel,adjetivo,ve.ne.ɾˈa.vew
ve·ne·rá·vel,"nome masculino","ve.ne.ɾˈa.vew ou ve.ne.ɾˈa.vew"
ve·ne·ra·vel·men·te,advérbio,ve.ne.ɾa.vew.mˈẽj.tʃi
"ve·né·re· o","nome masculino",ve.nˈɛ.ɾjʊ
"ve·né·re· o",adjetivo,ve.nˈɛ.ɾjʊ
ve·ne·re·o·lo·gi·a,"nome feminino",ve.ne.ɾe.o.lo.ʒˈi.jə
ve·ne·ta,"nome feminino",ve.nˈe.tə
vé·ne·to,adjetivo,vˈɛ.ne.tʊ
ve·ne·zi·a·na,"nome feminino",ve.ne.zjˈə.nə
ve·ne·zi·a·no,"nome masculino",ve.ne.zjˈə.nʊ
ve·ne·zi·a·no,adjetivo,ve.ne.zjˈə.nʊ
ve·ne·zu·e·la·no,adjetivo,ve.ne.zu.e.lˈə.nʊ
ve·ne·zu·e·la·no,"nome masculino",ve.ne.zu.e.lˈə.nʊ
"vé·ni· a","nome feminino",vˈɛ.njə
ve·ni·a·ga,"nome feminino",ve.njˈa.gə
ve·ni·a·gar,verbo,ve.nja.gˈa
ve·ni·al,adjetivo,ve.njˈaw
ve·ni·a·li·da·de,"nome feminino",ve.nja.li.dˈa.dʒi
ve·ni·al·men·te,advérbio,ve.njaw.mˈẽj.tʃi
ve·no·so,adjetivo,ve.nˈo.zʊ
ven·ta,"nome feminino",vˈẽj.tə
ven·ta·ni·a,"nome feminino",vẽ.ta.nˈi.jə
ven·tar,verbo,vẽ.tˈa
ven·ta·ro·la,"nome feminino",vẽ.ta.ɾˈɔ.lə
ven·ti·la·ção,"nome feminino",vẽ.tʃi.la.sˈə̃w
ven·ti·la·do,adjetivo,vẽ.tʃi.lˈa.dʊ
ven·ti·la·dor,adjetivo,vẽ.tʃi.la.dˈoɾ
ven·ti·la·dor,"nome masculino",vẽ.tʃi.la.dˈoɾ
ven·ti·lar,verbo,vẽ.tʃi.lˈa
ven·to,"nome masculino",vˈẽj.tʊ
ven·to·i·nha,"nome feminino",vẽ.twˈi.ɲə
ven·to·i·nhar,verbo,vẽ.twi.ɲˈa
ven·to·sa,"nome feminino",vẽ.tˈɔ.zə
ven·to·si·da·de,"nome feminino",vẽ.to.zi.dˈa.dʒi
ven·to·so,adjetivo,vẽ.tˈo.zʊ
ven·tral,adjetivo,vẽ.tɾˈaw
ven·tre,"nome masculino",vˈẽj.tɾi
ven·tri·cu·lar,adjetivo,vẽ.tɾi.ku.lˈaɾ
ven·trí·cu·lo,"nome masculino",vẽ.tɾˈi.ku.lʊ
ven·tri·lo·quis·mo,"nome masculino",vẽ.tɾi.lo.kˈiz.mʊ
ven·trí·lo·quo,adjetivo,vẽ.tɾˈi.lo.kʊ
ven·trí·lo·quo,"nome masculino",vẽ.tɾˈi.lo.kʊ
ven·tu·ra,"nome feminino",vẽ.tˈu.ɾə
ven·tu·rei·ro,adjetivo,vẽ.tu.ɾˈej.ɾʊ
ven·tu·ro,adjetivo,vẽ.tˈu.ɾʊ
ven·tu·ro·sa·men·te,advérbio,vẽ.tu.ɾɔ.za.mˈẽj.tʃi
ven·tu·ro·so,adjetivo,vẽ.tu.ɾˈo.zʊ
vé·nus,"nome feminino",vˈɛ.nʊs
ve·nu·si·a·no,adjetivo,ve.nu.zjˈə.nʊ
ver,verbo,vˈe
ve·ra·ci·da·de,"nome feminino",ve.ɾa.si.dˈa.dʒi
ve·ra·men·te,advérbio,vɛ.ɾa.mˈẽj.tʃi
ve·ra·ne·an·te,"nome masculino","ve.ɾa.ni.ˈə̃.tʃi ou ve.ɾa.ni.ˈə̃.tʃi"
ve·ra·ne·an·te,adjetivo,ve.ɾa.ni.ˈə̃.tʃi
ve·ra·ne·ar,verbo,ve.ɾa.ni.ˈa
ve·ra·nei·o,"nome masculino",ve.ɾa.nˈej.jʊ
ve·ras,"nome feminino",vˈɛ.ɾəs
ve·raz,adjetivo,ve.ɾˈas
ver·ba,"nome feminino",vˈɛɾ.bə
ver·bal,adjetivo,veɾ.bˈaw
ver·ba·lis·mo,"nome masculino",veɾ.ba.lˈiz.mʊ
ver·ba·lis·ta,adjetivo,veɾ.ba.lˈis.tə
ver·ba·lis·ta,"nome masculino","veɾ.ba.lˈis.tə ou veɾ.ba.lˈis.tə"
ver·ba·li·za·ção,"nome feminino",veɾ.ba.li.za.sˈə̃w
ver·ba·li·za·do,adjetivo,veɾ.ba.li.zˈa.dʊ
ver·ba·li·zar,verbo,veɾ.ba.li.zˈa
ver·bal·men·te,advérbio,veɾ.baw.mˈẽj.tʃi
ver·be·na,"nome feminino",veɾ.bˈe.nə
ver·be·rar,verbo,veɾ.be.ɾˈa
ver·be·tar,verbo,veɾ.be.tˈa
ver·be·te,"nome masculino",veɾ.bˈe.tʃi
ver·bo,"nome masculino",vˈɛɾ.bʊ
ver·bor·rei·a,"nome feminino",veɾ.bo.xˈej.jə
ver·bo·sa·men·te,advérbio,veɾ.bɔ.za.mˈẽj.tʃi
ver·bo·si·da·de,"nome feminino",veɾ.bo.zi.dˈa.dʒi
ver·bo·so,adjetivo,veɾ.bˈo.zʊ
ver·da·de,"nome feminino",veɾ.dˈa.dʒi
ver·da·dei·ra·men·te,advérbio,veɾ.da.dej.ɾa.mˈẽj.tʃi
ver·da·dei·ro,"nome masculino",veɾ.da.dˈej.ɾʊ
ver·da·dei·ro,adjetivo,veɾ.da.dˈej.ɾʊ
ver·das·ca,"nome feminino",veɾ.dˈas.kə
ver·das·car,verbo,veɾ.das.kˈa
ver·das·co,adjetivo,veɾ.dˈas.kʊ
ver·de,"nome masculino",vˈeɾ.dʒi
ver·de,adjetivo,vˈeɾ.dʒi
ver·de-al·fa·ce,"nome masculino",vˌeɾ.dʒi.aw.fˈa.si
ver·de-al·fa·ce,adjetivo,vˌeɾ.dʒi.aw.fˈa.si
ver·de-a·ma·re·la·do,"nome masculino",vˌeɾ.dʒi.a.ma.ɾe.lˈa.dʊ
ver·de-a·ma·re·la·do,adjetivo,vˌeɾ.dʒi.a.ma.ɾe.lˈa.dʊ
ver·de-a·zei·to·na,adjetivo,vˌeɾ.dʒi.a.zej.tˈo.nə
ver·de-a·zei·to·na,"nome masculino",vˌeɾ.dʒi.a.zej.tˈo.nə
ver·de-cla·ro,adjetivo,vˌeɾ.dʒi.klˈa.ɾʊ
ver·de-cla·ro,"nome masculino",vˌeɾ.dʒi.klˈa.ɾʊ
ver·de-es·cu·ro,adjetivo,vˌeɾ.dʒi.is.kˈu.ɾʊ
ver·de-es·cu·ro,"nome masculino",vˌeɾ.dʒi.is.kˈu.ɾʊ
ver·de-es·me·ral·da,adjetivo,vˌeɾ.dʒi.iz.me.ɾˈaw.də
ver·de-es·me·ral·da,"nome masculino",vˌeɾ.dʒi.iz.me.ɾˈaw.də
ver·de-gar·ra·fa,"nome masculino",vˌeɾ.dʒi.ga.xˈa.fə
ver·de-gar·ra·fa,adjetivo,vˌeɾ.dʒi.ga.xˈa.fə
ver·de-mar,"nome masculino",vˌeɾ.dʒi.mˈaɾ
ver·de-mar,adjetivo,vˌeɾ.dʒi.mˈaɾ
ver·de-ru·bro,adjetivo,vˌeɾ.dʒi.xˈu.bɾʊ
ver·de·al,adjetivo,veɾ.dʒi.ˈaw
ver·de·al,"nome masculino",veɾ.dʒi.ˈaw
ver·de·gar,verbo,veɾ.de.gˈa
ver·de·jan·te,adjetivo,veɾ.de.ʒˈə̃.tʃi
ver·de·jar,verbo,veɾ.de.ʒˈa
ver·de·lha,"nome feminino",veɾ.dˈe.ʎə
ver·de·lho,"nome masculino",veɾ.dˈe.ʎʊ
ver·de·lho,adjetivo,veɾ.dˈe.ʎʊ
ver·de·te,"nome masculino",veɾ.dˈe.tʃi
ver·di·lhão,"nome masculino",veɾ.dʒi.ʎˈə̃w
ver·di·ze·la,"nome feminino","veɾ.dʒi.zˈɛ.lə ou veɾ.dʒi.zˈɛ.lə"
ver·du·go,"nome masculino",veɾ.dˈu.gʊ
ver·du·ra,"nome feminino",veɾ.dˈu.ɾə
ve·re·a·ção,"nome feminino",ve.ɾi.a.sˈə̃w
ve·re·a·dor,"nome masculino",ve.ɾi.a.dˈoɾ
ve·re·a·do·ra,"nome feminino",ve.ɾi.a.dˈo.ɾə
ve·re·da,"nome feminino",ve.ɾˈe.də
ve·re·dic·to,"nome masculino",ve.ɾe.dʒˈi.kə.tʊ
ver·ga,"nome feminino",vˈeɾ.gə
ver·ga·do,adjetivo,veɾ.gˈa.dʊ
ver·ga·lhar,verbo,veɾ.ga.ʎˈa
ver·ga·lho,"nome masculino",veɾ.gˈa.ʎʊ
ver·gão,"nome masculino",veɾ.gˈə̃w
ver·gar,verbo,veɾ.gˈa
ver·gas·ta,"nome feminino",veɾ.gˈas.tə
ver·gas·ta·da,"nome feminino",veɾ.gas.tˈa.də
ver·gas·tar,verbo,veɾ.gas.tˈa
ver·gel,"nome masculino",veɾ.ʒˈɛw
ver·go·nha,"nome feminino",veɾ.gˈɔ.ɲə
ver·go·nho·sa,"nome feminino",veɾ.go.ɲˈɔ.zə
ver·go·nho·sa·men·te,advérbio,veɾ.go.ɲo.za.mˈẽj.tʃi
ver·go·nho·so,adjetivo,veɾ.go.ɲˈo.zʊ
ver·guei·ro,"nome masculino",veɾ.gˈej.ɾʊ
ver·guei·ro,adjetivo,veɾ.gˈej.ɾʊ
ver·gui·nha,"nome feminino",veɾ.gˈi.ɲə
ve·ri·di·ca·men·te,advérbio,ve.ɾi.dʒi.ka.mˈẽj.tʃi
ve·rí·di·co,adjetivo,ve.ɾˈi.dʒi.kʊ
ve·ri·fi·ca·ção,"nome feminino",ve.ɾi.fi.ka.sˈə̃w
ve·ri·fi·ca·do,adjetivo,ve.ɾi.fi.kˈa.dʊ
ve·ri·fi·ca·dor,"nome masculino",ve.ɾi.fi.ka.dˈoɾ
ve·ri·fi·ca·dor,adjetivo,ve.ɾi.fi.ka.dˈoɾ
ve·ri·fi·car,verbo,ve.ɾi.fi.kˈa
ve·ri·fi·cá·vel,adjetivo,ve.ɾi.fi.kˈa.vew
ve·ris·mo,"nome masculino",ve.ɾˈiz.mʊ
ve·ris·ta,"nome feminino",ve.ɾˈis.tə
ve·ris·ta,"nome masculino",ve.ɾˈis.tə
ve·ris·ta,adjetivo,ve.ɾˈis.tə
ver·me,"nome masculino",vˈɛɾ.mi
ver·me·lha,"nome feminino",veɾ.mˈe.ʎə
ver·me·lhão,"nome masculino",veɾ.me.ʎˈə̃w
ver·me·lhar,verbo,veɾ.me.ʎˈa
ver·me·lhi·dão,"nome feminino",veɾ.me.ʎi.dˈə̃w
ver·me·lhi·nha,"nome feminino",veɾ.me.ʎˈi.ɲə
ver·me·lhi·nho,adjetivo,veɾ.me.ʎˈi.ɲʊ
ver·me·lhi·nho,"nome masculino",veɾ.me.ʎˈi.ɲʊ
ver·me·lho,adjetivo,veɾ.mˈe.ʎʊ
ver·me·lho,"nome masculino",veɾ.mˈe.ʎʊ
ver·me·lho-es·cu·ro,adjetivo,veɾ.mˌe.ʎʊ.is.kˈu.ɾʊ
ver·me·lho-es·cu·ro,"nome masculino",veɾ.mˌe.ʎʊ.is.kˈu.ɾʊ
ver·me·lho·so,adjetivo,veɾ.me.ʎˈo.zʊ
ver·me·lhus·co,adjetivo,veɾ.me.ʎˈus.kʊ
ver·me·lhus·co,"nome masculino",veɾ.me.ʎˈus.kʊ
ver·mu·te,"nome masculino",veɾ.mˈu.tʃi
ver·na,"nome masculino",vˈɛr.nə
ver·na·cu·la·men·te,advérbio,ver.na.ku.la.mˈẽj.tʃi
ver·na·cu·li·da·de,"nome feminino",ver.na.ku.li.dˈa.dʒi
ver·ná·cu·lo,adjetivo,ver.nˈa.ku.lʊ
ver·ná·cu·lo,"nome masculino",ver.nˈa.ku.lʊ
ver·nal,adjetivo,ver.nˈaw
ver·nar,verbo,ver.nˈa
ver·ne,"nome masculino",vˈɛr.ni
"ver· nis· sa· ge","nome feminino",ver.ni.sˈa.ʒi
ver·niz,"nome masculino",ver.nˈis
ver·no,adjetivo,vˈɛr.nʊ
ve·ro,adjetivo,vˈɛ.ɾʊ
ve·ro·nal,"nome masculino",ve.ɾo.nˈaw
ve·ró·ni·ca,"nome feminino",ve.ɾˈɔ.ni.kə
ve·ro·sí·mil,adjetivo,ve.ɾo.zˈi.miw
ve·ro·si·mi·lhan·ça,"nome feminino",ve.ɾo.zi.mi.ʎˈə̃.sə
ve·ro·si·mi·lhan·te,adjetivo,ve.ɾo.zi.mi.ʎˈə̃.tʃi
ve·ro·si·mil·men·te,advérbio,ve.ɾo.zi.miw.mˈẽj.tʃi
ver·ri·na,"nome feminino",ve.xˈi.nə
ver·ri·nar,verbo,ve.xi.nˈa
ver·ri·no·sa·men·te,advérbio,ve.xi.nɔ.za.mˈẽj.tʃi
ver·ri·no·so,adjetivo,ve.xi.nˈo.zʊ
ver·ru·ga,"nome feminino",ve.xˈu.gə
ver·sa,"nome feminino",vˈɛɾ.sə
ver·sa·do,adjetivo,veɾ.sˈa.dʊ
ver·sa·lha·da,"nome feminino",veɾ.sa.ʎˈa.də
ver·são,"nome feminino",veɾ.sˈə̃w
ver·sar,verbo,veɾ.sˈa
ver·sa·ri·a,"nome feminino",veɾ.sa.ɾˈi.jə
ver·sá·til,adjetivo,veɾ.sˈa.tʃiw
ver·sa·ti·li·da·de,"nome feminino",veɾ.sa.tʃi.li.dˈa.dʒi
ver·sa·til·men·te,advérbio,veɾ.sa.tʃiw.mˈẽj.tʃi
ver·se·ja·dor,adjetivo,veɾ.se.ʒa.dˈoɾ
ver·se·ja·dor,"nome masculino",veɾ.se.ʒa.dˈoɾ
ver·se·jar,verbo,veɾ.se.ʒˈa
ver·sí·cu·lo,"nome masculino",veɾ.sˈi.ku.lʊ
ver·si·fi·ca·ção,"nome feminino",veɾ.si.fi.ka.sˈə̃w
ver·si·fi·ca·dor,"nome masculino",veɾ.si.fi.ka.dˈoɾ
ver·si·fi·ca·dor,adjetivo,veɾ.si.fi.ka.dˈoɾ
ver·so,"nome masculino",vˈɛɾ.sʊ
vér·te·bra,"nome feminino",vˈɛɾ.te.bɾə
ver·te·bra·do,"nome masculino",veɾ.te.bɾˈa.dʊ
ver·te·bra·do,adjetivo,veɾ.te.bɾˈa.dʊ
ver·te·bral,adjetivo,veɾ.te.bɾˈaw
ver·te·brar,verbo,veɾ.te.bɾˈa
ver·ten·te,"nome feminino",veɾ.tˈẽj.tʃi
ver·ten·te,adjetivo,veɾ.tˈẽj.tʃi
ver·ter,verbo,veɾ.tˈe
ver·ti·cal,adjetivo,veɾ.tʃi.kˈaw
ver·ti·cal,"nome feminino",veɾ.tʃi.kˈaw
ver·ti·ca·li·da·de,"nome feminino",veɾ.tʃi.ka.li.dˈa.dʒi
ver·ti·ca·li·za·ção,"nome feminino",veɾ.tʃi.ka.li.za.sˈə̃w
ver·ti·ca·li·zar,verbo,veɾ.tʃi.ka.li.zˈa
ver·ti·cal·men·te,advérbio,veɾ.tʃi.kaw.mˈẽj.tʃi
vér·ti·ce,"nome masculino",vˈɛɾ.tʃi.si
ver·ti·ci·lo,"nome masculino",veɾ.tʃi.sˈi.lʊ
ver·ti·gem,"nome feminino",veɾ.tʃˈi.ʒeɲ
ver·ti·gi·no·sa·men·te,advérbio,veɾ.tʃi.ʒi.no.za.mˈẽj.tʃi
ver·ti·gi·no·so,adjetivo,veɾ.tʃi.ʒi.nˈo.zʊ
ver·ve,"nome feminino",vˈɛɾ.vi
"ve· ry-light","nome masculino",
ves·co,adjetivo,vˈes.kʊ
ves·ga,"nome feminino",vˈez.gə
ves·ga·men·te,advérbio,vez.ga.mˈẽj.tʃi
ves·go,adjetivo,vˈez.gʊ
ves·go,"nome masculino",vˈez.gʊ
ve·si·can·te,adjetivo,ve.zi.kˈə̃.tʃi
ve·si·can·te,"nome masculino",ve.zi.kˈə̃.tʃi
ve·sí·cu·la,"nome feminino",ve.zˈi.ku.lə
ve·si·cu·lar,verbo,ve.zi.ku.lˈa
ve·si·cu·lar,adjetivo,ve.zi.ku.lˈaɾ
ve·si·cu·lo·so,adjetivo,ve.zi.ku.lˈo.zʊ
ves·pa,"nome feminino",vˈes.pə
ves·pei·ro,"nome masculino",ves.pˈej.ɾʊ
vés·pe·ra,"nome feminino",vˈɛs.pe.ɾə
ves·per·ti·no,adjetivo,ves.peɾ.tʃˈi.nʊ
ves·per·ti·no,"nome masculino",ves.peɾ.tʃˈi.nʊ
ves·sa·da,"nome feminino",ve.sˈa.də
ves·sa·doi·ro,adjetivo,ve.sa.dˈoj.ɾʊ
ves·sa·doi·ro,"nome masculino",ve.sa.dˈoj.ɾʊ
ves·sar,verbo,ve.sˈa
ves·tal,"nome feminino",ves.tˈaw
ves·tal,adjetivo,ves.tˈaw
ves·te,"nome feminino",vˈɛs.tʃi
"vés·ti· a","nome feminino",vˈɛs.tʃjə
ves·ti·a·ri·a,"nome feminino",ves.tʃja.ɾˈi.jə
"ves·ti·á·ri· o","nome masculino",ves.tʃjˈa.ɾjʊ
ves·ti·bu·lar,"nome masculino",ves.tʃi.bu.lˈaɾ
ves·ti·bu·lar,adjetivo,ves.tʃi.bu.lˈaɾ
ves·tí·bu·lo,"nome masculino",ves.tʃˈi.bu.lʊ
ves·ti·do,adjetivo,ves.tʃˈi.dʊ
ves·ti·do,"nome masculino",ves.tʃˈi.dʊ
"ves·tí·gi· o","nome masculino",ves.tʃˈi.ʒjʊ
ves·ti·men·ta,"nome feminino",ves.tʃi.mˈẽj.tə
ves·tir,verbo,ves.tʃˈi
"ves·tu·á·ri· o","nome masculino",ves.twˈa.ɾjʊ
ve·tar,verbo,ve.tˈa
ve·te·ra·na,"nome feminino",ve.te.ɾˈə.nə
ve·te·ra·no,adjetivo,ve.te.ɾˈə.nʊ
ve·te·ra·no,"nome masculino",ve.te.ɾˈə.nʊ
"ve·te·ri·ná·ri· a","nome feminino",ve.te.ɾi.nˈa.ɾjə
ve·te·ri·na·ri·a·men·te,advérbio,ve.te.ɾi.na.ɾja.mˈẽj.tʃi
"ve·te·ri·ná·ri· o",adjetivo,ve.te.ɾi.nˈa.ɾjʊ
"ve·te·ri·ná·ri· o","nome masculino",ve.te.ɾi.nˈa.ɾjʊ
ve·ti·ver,"nome masculino",ve.tʃi.vˈɛɾ
ve·to,"nome masculino",vˈɛ.tʊ
ve·tor,"nome masculino",ve.tˈoɾ
ve·tus·ta·men·te,advérbio,ve.tus.ta.mˈẽj.tʃi
ve·tus·tez,"nome feminino",ve.tus.tˈes
ve·tus·to,adjetivo,ve.tˈus.tʊ
véu,"nome masculino",vˈɛw
ve·xa·do,adjetivo,ve.ʃˈa.dʊ
ve·xa·me,"nome masculino",ve.ʃˈə.mi
ve·xan·te,adjetivo,ve.ʃˈə̃.tʃi
ve·xar,verbo,ve.ʃˈa
ve·xa·to·ri·a·men·te,advérbio,ve.ʃa.tɔ.ɾja.mˈẽj.tʃi
"ve·xa·tó·ri· o",adjetivo,ve.ʃa.tˈɔ.ɾjʊ
vez,"nome feminino",vˈes
ve·zar,verbo,ve.zˈa
ve·zei·ra,"nome feminino",ve.zˈej.ɾə
ve·zei·ro,"nome masculino",ve.zˈej.ɾʊ
ve·zei·ro,adjetivo,ve.zˈej.ɾʊ
ve·zo,"nome masculino",vˈe.zʊ
vi·a,"nome feminino",vˈi.ə
vi·a,preposição,vˈi.ə
"vi·a-fér·re· a","nome feminino",vˌi.ə.fˈɛ.xjə
vi·a-sa·cra,"nome feminino",vˌi.ə.sˈa.kɾə
vi·a·bi·li·da·de,"nome feminino",vja.bi.li.dˈa.dʒi
vi·a·bi·li·za·ção,"nome feminino",vja.bi.li.za.sˈə̃w
vi·a·bi·li·zar,verbo,vja.bi.li.zˈa
vi·a·ção,"nome feminino",vja.sˈə̃w
vi·a·du·to,"nome masculino",vja.dˈu.tʊ
vi·a·gei·ro,"nome masculino",vja.ʒˈej.ɾʊ
vi·a·gei·ro,adjetivo,vja.ʒˈej.ɾʊ
vi·a·gem,"nome feminino",vjˈa.ʒeɲ
vi·a·gen·zi·nha,"nome feminino",vja.ʒẽj.zˈi.ɲə
vi·a·ja·da,"nome feminino",vja.ʒˈa.də
vi·a·ja·do,adjetivo,vja.ʒˈa.dʊ
vi·a·jan·te,"nome feminino",vja.ʒˈə̃.tʃi
vi·a·jan·te,adjetivo,vja.ʒˈə̃.tʃi
vi·a·jan·te,"nome masculino",vja.ʒˈə̃.tʃi
vi·a·jar,verbo,vja.ʒˈa
vi·al,adjetivo,vjˈaw
vi·al,"nome masculino",vjˈaw
vi·an·da,"nome feminino",vjˈə̃.də
vi·an·dan·te,"nome feminino",vjə̃.dˈə̃.tʃi
vi·an·dan·te,"nome masculino",vjə̃.dˈə̃.tʃi
vi·an·dan·te,adjetivo,vjə̃.dˈə̃.tʃi
vi·an·dar,verbo,vjə̃.dˈa
vi·a·nen·se,"nome masculino","vja.nˈẽj.si ou vja.nˈẽj.si"
vi·a·nen·se,adjetivo,vja.nˈẽj.si
vi·a·nês,"nome masculino",vja.nˈes
vi·a·nês,adjetivo,vja.nˈes
"vi·á·ri· o","nome masculino",vjˈa.ɾjʊ
"vi·á·ri· o",adjetivo,vjˈa.ɾjʊ
vi·á·ti·co,"nome masculino",vjˈa.tʃi.kʊ
vi·a·tu·ra,"nome feminino",vja.tˈu.ɾə
vi·á·vel,adjetivo,vjˈa.vew
ví·bo·ra,"nome feminino",vˈi.bo.ɾə
ví·bo·ra-cor·nu·da,"nome feminino",vˌi.bo.ɾə.kor.nˈu.də
vi·bra·ção,"nome feminino",vi.bɾa.sˈə̃w
vi·bra·dor,"nome masculino",vi.bɾa.dˈoɾ
vi·bra·dor,adjetivo,vi.bɾa.dˈoɾ
vi·bra·fo·ne,"nome masculino",vi.bɾa.fˈɔ.ni
vi·bra·fo·nis·ta,"nome feminino",vi.bɾa.fo.nˈis.tə
vi·bra·fo·nis·ta,"nome masculino",vi.bɾa.fo.nˈis.tə
vi·bra·fo·nis·ta,adjetivo,vi.bɾa.fo.nˈis.tə
vi·bran·te,"nome feminino",vi.bɾˈə̃.tʃi
vi·bran·te,adjetivo,vi.bɾˈə̃.tʃi
vi·bran·te·men·te,advérbio,vi.bɾə̃.te.mˈẽj.tʃi
vi·brar,verbo,vi.bɾˈa
vi·brá·til,adjetivo,vi.bɾˈa.tʃiw
vi·bra·to,"nome masculino",vi.bɾˈa.tʊ
vi·bra·to·ri·a·men·te,advérbio,vi.bɾa.tɔ.ɾja.mˈẽj.tʃi
"vi·bra·tó·ri· o",adjetivo,vi.bɾa.tˈɔ.ɾjʊ
vi·bri·ão,"nome masculino",vi.bɾi.ˈə̃w
vi·çar,verbo,vi.sˈa
vi·ca·ri·a·to,"nome masculino",vi.ka.ɾjˈa.tʊ
"vi·cá·ri· o","nome masculino",vi.kˈa.ɾjʊ
"vi·cá·ri· o",adjetivo,vi.kˈa.ɾjʊ
vi·ce-al·mi·ran·te,"nome masculino",vˌi.si.aw.mi.ɾˈə̃.tʃi
vi·ce-al·mi·ran·te,"nome feminino",vˌi.si.aw.mi.ɾˈə̃.tʃi
vi·ce-cam·pe·ã,"nome feminino",vˌi.si.kə̃.pe.ˈə̃
vi·ce-cam·pe·ão,"nome masculino",vˌi.si.kə̃.pe.ˈə̃w
vi·ce-cam·pe·ão,adjetivo,vˌi.si.kə̃.pe.ˈə̃w
vi·ce-cam·pe·o·na·to,"nome masculino",vˌi.si.kə̃.pe.o.nˈa.tʊ
vi·ce-chan·ce·ler,"nome masculino",vˌi.si.ʃə̃.se.lˈɛɾ
vi·ce-chan·ce·ler,"nome feminino",vˌi.si.ʃə̃.se.lˈɛɾ
vi·ce-che·fe,"nome feminino",vˌi.si.ʃˈɛ.fi
vi·ce-che·fe,"nome masculino",vˌi.si.ʃˈɛ.fi
vi·ce-che·fi·a,"nome feminino",vˌi.si.ʃe.fˈi.jə
"vi·ce-co·mis·sá·ri· o","nome masculino",vˌi.si.ko.mi.sˈa.ɾjʊ
vi·ce-côn·sul,"nome masculino","vˌi.si.kˈõ.suw ou vˌi.si.kˈõ.suw"
vi·ce-di·re·tor,"nome masculino",vˌi.si.dʒi.ɾe.tˈoɾ
vi·ce-go·ver·na·dor,"nome masculino",vˌi.si.go.ver.na.dˈoɾ
vi·ce-lí·der,"nome masculino",vˌi.si.lˈi.deɾ
vi·ce-mi·nis·tro,"nome masculino",vˌi.si.mi.nˈis.tɾʊ
"vi·ce-pre·si·dên·ci· a","nome feminino",vˌi.si.pɾe.zi.dˈẽj.sjə
vi·ce-pre·si·den·te,"nome feminino",vˌi.si.pɾe.zi.dˈẽj.tʃi
vi·ce-pre·si·den·te,"nome masculino",vˌi.si.pɾe.zi.dˈẽj.tʃi
vi·ce-pri·mei·ro-mi·nis·tro,"nome masculino","vˌi.si.pɾi.mˌej.ɾʊ.mi.nˈis.tɾʊ ou vˌi.si.pɾi.mˌej.ɾʊ.mi.nˈis.tɾʊ"
vi·ce-rei,"nome masculino",vˌi.si.xˈej
vi·ce-rei·na·do,"nome masculino",vˌi.si.xej.nˈa.dʊ
vi·ce-rei·no,"nome masculino",vˌi.si.xˈej.nʊ
vi·ce-rei·tor,"nome masculino",vˌi.si.xej.tˈoɾ
"vi·ce-se·cre·tá·ri· a","nome feminino",vˌi.si.se.kɾe.tˈa.ɾjə
"vi·ce-se·cre·tá·ri· o","nome masculino",vˌi.si.se.kɾe.tˈa.ɾjʊ
vi·ce-ver·sa,advérbio,vˌi.si.vˈɛɾ.sə
vi·ce·jan·te,adjetivo,vi.se.ʒˈə̃.tʃi
vi·ce·jar,verbo,vi.se.ʒˈa
vi·cen·te,"nome masculino",vi.sˈẽj.tʃi
vi·cen·ti·na,"nome feminino",vi.sẽ.tʃˈi.nə
vi·cen·ti·no,adjetivo,vi.sẽ.tʃˈi.nʊ
vi·cen·ti·no,"nome masculino",vi.sẽ.tʃˈi.nʊ
vi·cen·tis·ta,adjetivo,vi.sẽ.tʃˈis.tə
vi·ci·a·ção,"nome feminino",vi.sja.sˈə̃w
vi·ci·a·da,"nome feminino",vi.sjˈa.də
vi·ci·a·do,adjetivo,vi.sjˈa.dʊ
vi·ci·a·do,"nome masculino",vi.sjˈa.dʊ
vi·ci·an·te,adjetivo,vi.sjˈə̃.tʃi
vi·ci·ar,verbo,vi.sjˈa
vi·ci·nal,adjetivo,vi.si.nˈaw
"ví·ci· o","nome masculino",vˈi.sjʊ
vi·ci·o·sa,"nome feminino",vi.si.ˈɔ.zə
vi·ci·o·sa·men·te,advérbio,vi.si.ɔ.za.mˈẽj.tʃi
vi·ci·o·si·da·de,"nome feminino",vi.si.o.zi.dˈa.dʒi
vi·ci·o·so,adjetivo,vi.si.ˈo.zʊ
vi·ci·o·so,"nome masculino",vi.si.ˈo.zʊ
vi·cis·si·tu·de,"nome feminino",vi.si.si.tˈu.dʒi
vi·ço,"nome masculino",vˈi.sʊ
vi·ço·sa·men·te,advérbio,vi.sɔ.za.mˈẽj.tʃi
vi·ço·so,adjetivo,vi.sˈo.zʊ
vi·cu·nha,"nome feminino",vi.kˈu.ɲə
vi·da,"nome feminino",vˈi.də
vi·dar,"nome masculino",vi.dˈaɾ
vi·dar,verbo,vi.dˈa
vi·de,"nome feminino",vˈi.dʒi
vi·de·as·ta,"nome feminino",vi.dʒi.ˈas.tə
vi·de·as·ta,"nome masculino",vi.dʒi.ˈas.tə
vi·dei·ra,"nome feminino",vi.dˈej.ɾə
vi·dei·ri·nho,"nome masculino",vi.dej.ɾˈi.ɲʊ
vi·dei·ri·nho,adjetivo,vi.dej.ɾˈi.ɲʊ
vi·dei·ris·mo,"nome masculino",vi.dej.ɾˈiz.mʊ
vi·dei·ro,"nome masculino",vi.dˈej.ɾʊ
vi·dei·ro,adjetivo,vi.dˈej.ɾʊ
"vi·dên·ci· a","nome feminino",vi.dˈẽj.sjə
vi·den·te,"nome masculino",vi.dˈẽj.tʃi
vi·den·te,adjetivo,vi.dˈẽj.tʃi
vi·den·te,"nome feminino",vi.dˈẽj.tʃi
"ví·de· o","nome masculino",vˈi.dʒjʊ
"ví·de· o",adjetivo,vˈi.dʒjʊ
vi·de·o·a·ma·dor,"nome masculino",vi.de.o.a.ma.dˈoɾ
vi·de·o·ar·te,"nome feminino",vi.de.o.ˈaɾ.tʃi
vi·de·o·cas·se·te,"nome feminino",vi.de.o.ka.sˈɛ.tʃi
"vi· deo· clip","nome masculino",
vi·de·o·cli·pe,"nome masculino",vi.de.o.klˈi.pi
vi·de·o·clu·be,"nome masculino",vi.de.o.klˈu.bi
"vi·de·o·con·fe·rên·ci· a","nome feminino",vi.de.o.kõ.fe.ɾˈẽj.sjə
vi·de·o·dis·co,"nome masculino",vi.de.o.dʒˈis.kʊ
vi·de·o·fo·ne,"nome masculino",vi.de.o.fˈɔ.ni
"vi· deo· ga· me","nome masculino",
vi·de·o·gra·ma,"nome masculino",vi.de.o.gɾˈə.mə
vi·de·o·gra·va·dor,"nome masculino",vi.de.o.gɾa.va.dˈoɾ
vi·de·o·jo·go,"nome masculino",vi.de.o.ʒˈo.gʊ
"vi· deo· ta· pe","nome masculino",
vi·de·o·te·ca,"nome feminino",vi.de.o.tˈɛ.kə
vi·de·o·te·le·fo·ne,"nome masculino",vi.de.o.te.le.fˈɔ.ni
vi·de·o·tex·to,"nome masculino",vi.de.o.tˈes.tʊ
"vi·de·o·vi·gi·lân·ci· a","nome feminino",vi.de.o.vi.ʒi.lˈə̃.sjə
"vi· deo· wall","nome masculino",
vi·di·nha,"nome feminino",vi.dʒˈi.ɲə
vi·do,"nome masculino",vˈi.dʊ
vi·do·ei·ro,"nome masculino",vi.dwˈej.ɾʊ
vi·dra·ça,"nome feminino",vi.dɾˈa.sə
vi·dra·cei·ro,"nome masculino",vi.dɾa.sˈej.ɾʊ
vi·dra·ço,"nome masculino",vi.dɾˈa.sʊ
vi·dra·do,adjetivo,vi.dɾˈa.dʊ
vi·dra·do,"nome masculino",vi.dɾˈa.dʊ
vi·dra·gem,"nome feminino",vi.dɾˈa.ʒeɲ
vi·drão,"nome masculino",vi.dɾˈə̃w
vi·drar,verbo,vi.dɾˈa
vi·drei·ra,"nome feminino",vi.dɾˈej.ɾə
vi·drei·ro,"nome masculino",vi.dɾˈej.ɾʊ
vi·drei·ro,adjetivo,vi.dɾˈej.ɾʊ
vi·dri·nho,"nome masculino",vi.dɾˈi.ɲʊ
vi·dro,"nome masculino",vˈi.dɾʊ
vi·ei·ra,"nome feminino",vi.ˈej.ɾə
vi·ei·ren·se,"nome masculino","vi.ej.ɾˈẽj.si ou vi.ej.ɾˈẽj.si"
vi·ei·ren·se,adjetivo,vi.ej.ɾˈẽj.si
vi·e·la,"nome feminino",vi.ˈɛ.lə
vi·e·nen·se,"nome feminino",vi.e.nˈẽj.si
vi·e·nen·se,adjetivo,vi.e.nˈẽj.si
vi·e·nen·se,"nome masculino",vi.e.nˈẽj.si
vi·és,"nome masculino",vi.ˈɛs
vi·et·na·mi·ta,"nome feminino",vi.e.tə.na.mˈi.tə
vi·et·na·mi·ta,"nome masculino",vi.e.tə.na.mˈi.tə
vi·et·na·mi·ta,adjetivo,vi.e.tə.na.mˈi.tə
vi·ga,"nome feminino",vˈi.gə
vi·ga·men·to,"nome masculino",vi.ga.mˈẽj.tʊ
vi·gar,verbo,vi.gˈa
"vi·gá·ri· a","nome feminino",vi.gˈa.ɾjə
vi·ga·ri·ce,"nome feminino",vi.ga.ɾˈi.si
"vi·gá·ri· o","nome masculino",vi.gˈa.ɾjʊ
"vi·gá·ri· o-ge·ral","nome masculino",vi.gˌa.ɾjʊ.ʒe.ɾˈaw
vi·ga·ris·ta,adjetivo,vi.ga.ɾˈis.tə
vi·ga·ris·ta,"nome feminino",vi.ga.ɾˈis.tə
vi·ga·ris·ta,"nome masculino",vi.ga.ɾˈis.tə
vi·ga·ri·zar,verbo,vi.ga.ɾi.zˈa
"vi·gên·ci· a","nome feminino",vi.ʒˈẽj.sjə
vi·gen·te,adjetivo,vi.ʒˈẽj.tʃi
vi·ger,verbo,vi.ʒˈe
vi·gé·si·mo,número,"vi.ʒˈɛ.zi.mʊ ou vi.ʒˈɛ.zi.mʊ"
vi·gé·si·mo,"nome masculino",vi.ʒˈɛ.zi.mʊ
vi·gi·a,"nome masculino",vi.ʒˈi.jə
vi·gi·a,"nome feminino",vi.ʒˈi.jə
vi·gi·ar,verbo,vi.ʒjˈa
"vi·gi·lân·ci· a","nome feminino",vi.ʒi.lˈə̃.sjə
vi·gi·lan·te,"nome feminino",vi.ʒi.lˈə̃.tʃi
vi·gi·lan·te,adjetivo,vi.ʒi.lˈə̃.tʃi
vi·gi·lan·te,"nome masculino",vi.ʒi.lˈə̃.tʃi
vi·gi·lan·te·men·te,advérbio,vi.ʒi.lə̃.te.mˈẽj.tʃi
"vi·gí·li· a","nome feminino",vi.ʒˈi.ljə
vi·gor,"nome masculino",vi.gˈoɾ
vi·go·rar,verbo,vi.go.ɾˈa
vi·go·ro·sa·men·te,advérbio,vi.go.ɾo.za.mˈẽj.tʃi
vi·go·ro·so,adjetivo,vi.go.ɾˈo.zʊ
"vi· king",adjetivo,
"vi· king","nome masculino",ou
vil,"nome masculino",vˈiw
vil,adjetivo,vˈiw
vil,"nome feminino",vˈiw
vi·la,"nome feminino",vˈi.lə
vi·la-con·den·se,adjetivo,vˌi.lə.kõ.dˈẽj.si
vi·la-con·den·se,"nome masculino","vˌi.lə.kõ.dˈẽj.si ou vˌi.lə.kõ.dˈẽj.si"
vi·la-fran·quen·se,adjetivo,vˌi.lə.fɾə̃.kˈẽj.si
vi·la-fran·quen·se,"nome masculino","vˌi.lə.fɾə̃.kˈẽj.si ou vˌi.lə.fɾə̃.kˈẽj.si"
vi·la-re·a·len·se,adjetivo,vˌi.lə.xi.a.lˈẽj.si
vi·la-re·a·len·se,"nome masculino","vˌi.lə.xi.a.lˈẽj.si ou vˌi.lə.xi.a.lˈẽj.si"
vi·la-ver·den·se,"nome masculino","vˌi.lə.veɾ.dˈẽj.si ou vˌi.lə.veɾ.dˈẽj.si"
vi·la-ver·den·se,adjetivo,vˌi.lə.veɾ.dˈẽj.si
vi·la·na·gem,"nome feminino",vi.la.nˈa.ʒeɲ
vi·lan·ce·te,"nome masculino",vi.lə̃.sˈe.tʃi
vi·lan·ci·co,"nome masculino",vi.lə̃.sˈi.kʊ
vi·la·ni·a,"nome feminino",vi.la.nˈi.jə
vi·lão,"nome masculino",vi.lˈə̃w
vi·lão,adjetivo,vi.lˈə̃w
vi·lar,"nome masculino",vi.lˈaɾ
vi·la·re·jo,"nome masculino",vi.la.ɾˈe.ʒʊ
vi·la·re·lho,"nome masculino",vi.la.ɾˈe.ʎʊ
vi·la·ri·nho,"nome masculino",vi.la.ɾˈi.ɲʊ
vi·le·gi·a·tu·ra,"nome feminino",vi.le.ʒja.tˈu.ɾə
vi·le·gi·a·tu·rar,verbo,vi.le.ʒja.tu.ɾˈa
vi·le·la,"nome feminino",vi.lˈɛ.lə
vi·le·za,"nome feminino",vi.lˈe.zə
vi·li·pen·di·a·do,adjetivo,vi.li.pẽ.dʒjˈa.dʊ
vi·li·pen·di·ar,verbo,vi.li.pẽ.dʒjˈa
"vi·li·pên·di· o","nome masculino",vi.li.pˈẽj.dʒjʊ
vil·men·te,advérbio,viw.mˈẽj.tʃi
"vi·ló·ri· a","nome feminino",vi.lˈɔ.ɾjə
vi·lo·si·da·de,"nome feminino",vi.lo.zi.dˈa.dʒi
vi·ma,"nome feminino",vˈi.mə
vi·ma·ra·nen·se,adjetivo,vi.ma.ɾa.nˈẽj.si
vi·ma·ra·nen·se,"nome masculino","vi.ma.ɾa.nˈẽj.si ou vi.ma.ɾa.nˈẽj.si"
vi·me,"nome masculino",vˈi.mi
vi·mei·ro,"nome masculino",vi.mˈej.ɾʊ
vi·mi·ei·ro,"nome masculino",vi.mi.ˈej.ɾʊ
vi·na,"nome feminino",vˈi.nə
vi·na·grar,verbo,vi.na.gɾˈa
vi·na·gre,"nome masculino",vi.nˈa.gɾi
vi·na·gre,adjetivo,vi.nˈa.gɾi
vi·na·grei·ro,"nome masculino",vi.na.gɾˈej.ɾʊ
vi·na·gre·ta,"nome feminino",vi.na.gɾˈe.tə
vi·na·gre·te,"nome masculino",vi.na.gɾˈɛ.tʃi
"vi·ná·ri· o",adjetivo,vi.nˈa.ɾjʊ
vin·ca·da,"nome feminino",vĩ.kˈa.də
vin·ca·da·men·te,advérbio,vĩ.ka.da.mˈẽj.tʃi
vin·ca·do,adjetivo,vĩ.kˈa.dʊ
vin·car,verbo,vĩ.kˈa
vin·cen·do,adjetivo,vĩ.sˈẽj.dʊ
vin·co,"nome masculino",vˈĩ.kʊ
vin·cu·la·ção,"nome feminino",vĩ.ku.la.sˈə̃w
vin·cu·la·da·men·te,advérbio,vĩ.ku.la.da.mˈẽj.tʃi
vin·cu·la·do,adjetivo,vĩ.ku.lˈa.dʊ
vin·cu·lar,adjetivo,vĩ.ku.lˈaɾ
vin·cu·lar,verbo,vĩ.ku.lˈa
vin·cu·la·ti·vo,adjetivo,vĩ.ku.la.tʃˈi.vʊ
vín·cu·lo,"nome masculino",vˈĩ.ku.lʊ
vin·da,"nome feminino",vˈĩ.də
vin·di·ca·ti·va·men·te,advérbio,vĩ.dʒi.ka.tʃi.va.mˈẽj.tʃi
vin·di·ca·ti·vo,adjetivo,vĩ.dʒi.ka.tʃˈi.vʊ
vin·dic·ta,"nome feminino",vĩ.dʒˈi.kə.tə
vin·di·ma,"nome feminino",vĩ.dʒˈi.mə
vin·di·ma·do,adjetivo,vĩ.dʒi.mˈa.dʊ
vin·di·ma·dor,adjetivo,vĩ.dʒi.ma.dˈoɾ
vin·di·ma·dor,"nome masculino",vĩ.dʒi.ma.dˈoɾ
vin·di·mar,verbo,vĩ.dʒi.mˈa
vin·di·mo,adjetivo,vĩ.dʒˈi.mʊ
vin·do,adjetivo,vˈĩ.dʊ
vin·dou·ra,"nome feminino",vĩ.dˈo.ɾə
vin·dou·ro,adjetivo,vĩ.dˈo.ɾʊ
vin·dou·ro,"nome masculino",vĩ.dˈo.ɾʊ
vin·ga,"nome feminino",vˈĩ.gə
vin·ga·dor,"nome masculino",vĩ.ga.dˈoɾ
vin·ga·dor,adjetivo,vĩ.ga.dˈoɾ
vin·ga·do·ra,"nome feminino",vĩ.ga.dˈo.ɾə
vin·gan·ça,"nome feminino",vĩɲ.gˈə̃.sə
vin·gar,verbo,vĩɲ.gˈa
vin·ga·ti·va·men·te,advérbio,vĩ.ga.tʃi.va.mˈẽj.tʃi
vin·ga·ti·vo,adjetivo,vĩ.ga.tʃˈi.vʊ
vin·gue,adjetivo,vˈĩ.gi
vi·nha,"nome feminino",vˈi.ɲə
vi·nha·ça,"nome feminino",vi.ɲˈa.sə
vi·nhal,"nome masculino",vi.ɲˈaw
vi·nhão,"nome masculino",vi.ɲˈə̃w
vi·nha·tei·ro,adjetivo,vi.ɲa.tˈej.ɾʊ
vi·nha·tei·ro,"nome masculino",vi.ɲa.tˈej.ɾʊ
vi·nhá·ti·co,"nome masculino",vi.ɲˈa.tʃi.kʊ
vi·nhe·do,"nome masculino",vi.ɲˈe.dʊ
vi·nhe·ta,"nome feminino",vi.ɲˈe.tə
vi·nho,"nome masculino",vˈi.ɲʊ
ví·ni·co,adjetivo,vˈi.ni.kʊ
vi·ní·co·la,adjetivo,vi.nˈi.ko.lə
vi·ni·cul·tor,"nome masculino",vi.ni.kuw.tˈoɾ
vi·ni·cul·tu·ra,"nome feminino",vi.ni.kuw.tˈu.ɾə
vi·ni·fi·ca·ção,"nome feminino",vi.ni.fi.ka.sˈə̃w
vi·ni·fi·ca·dor,"nome masculino",vi.ni.fi.ka.dˈoɾ
vi·ni·fi·car,verbo,vi.ni.fi.kˈa
vi·nil,"nome masculino",vi.nˈiw
vi·ní·li·co,adjetivo,vi.nˈi.li.kʊ
vi·ni·lo,"nome masculino",vi.nˈi.lʊ
vi·no·si·da·de,"nome feminino",vi.no.zi.dˈa.dʒi
vi·no·so,adjetivo,vi.nˈo.zʊ
"vin· ta· ge","nome masculino",
vin·te,número,vˈĩ.tʃi
vin·te,"nome masculino",vˈĩ.tʃi
vin·tém,"nome masculino",vĩ.tˈeɲ
vin·te·na,"nome feminino",vĩ.tˈɛ.nə
"vin·té·ni· o","nome masculino",vĩ.tˈɛ.njʊ
vin·te·no,adjetivo,vĩ.tˈe.nʊ
vin·tis·mo,"nome masculino",vĩ.tʃˈiz.mʊ
vin·tis·ta,"nome masculino",vĩ.tʃˈis.tə
vin·tis·ta,"nome feminino",vĩ.tʃˈis.tə
vin·tis·ta,adjetivo,vĩ.tʃˈis.tə
vi·o·la,"nome feminino",vi.ˈɔ.lə
vi·o·la,"nome masculino",vi.ˈɔ.lə
vi·o·la·ção,"nome feminino",vi.o.la.sˈə̃w
"vi·o·lá·ce· a","nome feminino",vi.o.lˈa.sjə
"vi·o·lá·ce· o",adjetivo,vi.o.lˈa.sjʊ
vi·o·la·do,adjetivo,vi.o.lˈa.dʊ
vi·o·la·dor,"nome masculino",vi.o.la.dˈoɾ
vi·o·la·dor,adjetivo,vi.o.la.dˈoɾ
vi·o·la·do·ra,"nome feminino",vi.o.la.dˈo.ɾə
vi·o·lão,"nome masculino",vi.o.lˈə̃w
vi·o·lar,verbo,vi.o.lˈa
vi·o·la·ri·a,"nome feminino",vi.o.la.ɾˈi.jə
vi·o·lá·vel,adjetivo,vi.o.lˈa.vew
vi·o·lei·ro,"nome masculino",vi.o.lˈej.ɾʊ
"vi·o·lên·ci· a","nome feminino",vi.o.lˈẽj.sjə
vi·o·len·ta·do,adjetivo,vi.o.lẽ.tˈa.dʊ
vi·o·len·ta·dor,adjetivo,vi.o.lẽ.ta.dˈoɾ
vi·o·len·ta·do·ra,"nome feminino",vi.o.lẽ.ta.dˈo.ɾə
vi·o·len·ta·men·te,advérbio,vi.o.lẽ.ta.mˈẽj.tʃi
vi·o·len·tar,verbo,vi.o.lẽ.tˈa
vi·o·len·to,adjetivo,vi.o.lˈẽj.tʊ
vi·o·le·ta,adjetivo,vi.o.lˈe.tə
vi·o·le·ta,"nome masculino",vi.o.lˈe.tə
vi·o·le·ta,"nome feminino",vi.o.lˈe.tə
vi·o·le·tis·ta,"nome masculino","vi.o.le.tʃˈis.tə ou vi.o.le.tʃˈis.tə"
vi·o·li·nis·ta,"nome feminino",vi.o.li.nˈis.tə
vi·o·li·nis·ta,"nome masculino",vi.o.li.nˈis.tə
vi·o·li·nis·ta,adjetivo,vi.o.li.nˈis.tə
vi·o·li·nís·ti·co,adjetivo,vi.o.li.nˈis.tʃi.kʊ
vi·o·li·no,"nome masculino",vi.o.lˈi.nʊ
vi·o·li·no,adjetivo,vi.o.lˈi.nʊ
vi·o·lis·ta,"nome feminino",vi.o.lˈis.tə
vi·o·lis·ta,"nome masculino",vi.o.lˈis.tə
vi·o·lis·ta,adjetivo,vi.o.lˈis.tə
vi·o·lon·ce·lis·ta,"nome feminino",vi.o.lõ.se.lˈis.tə
vi·o·lon·ce·lis·ta,"nome masculino",vi.o.lõ.se.lˈis.tə
vi·o·lon·ce·lo,"nome feminino",vi.o.lõ.sˈɛ.lʊ
vi·o·lon·ce·lo,"nome masculino",vi.o.lõ.sˈɛ.lʊ
vi·o·lo·nis·ta,"nome feminino",vi.o.lo.nˈis.tə
vi·o·lo·nis·ta,"nome masculino",vi.o.lo.nˈis.tə
vi·pe·ri·na,"nome feminino",vi.pe.ɾˈi.nə
vi·pe·ri·na·men·te,advérbio,vi.pe.ɾi.na.mˈẽj.tʃi
vi·pe·ri·no,adjetivo,vi.pe.ɾˈi.nʊ
vi·quin·gue,"nome masculino",vi.kˈĩ.gi
vi·quin·gue,adjetivo,vi.kˈĩ.gi
vi·quin·gue,"nome feminino",vi.kˈĩ.gi
vir,verbo,vˈi
vi·ra,"nome masculino",vˈi.ɾə
vi·ra,"nome feminino",vˈi.ɾə
vi·ra-ca·sa·ca,"nome masculino",vˌi.ɾə.ka.zˈa.kə
vi·ra-ca·sa·ca,adjetivo,vˌi.ɾə.ka.zˈa.kə
vi·ra-ca·sa·ca,"nome feminino",vˌi.ɾə.ka.zˈa.kə
vi·ra-ca·sa·cas,"nome masculino","vˌi.ɾə.ka.zˈa.kəs ou vˌi.ɾə.ka.zˈa.kəs"
vi·ra-ca·sa·cas,adjetivo,vˌi.ɾə.ka.zˈa.kəs
vi·ra-la·ta,"nome masculino",vˌi.ɾə.lˈa.tə
vi·ra-la·ta,adjetivo,vˌi.ɾə.lˈa.tə
vi·ra-la·ta,"nome feminino",vˌi.ɾə.lˈa.tə
vi·ra·ção,"nome feminino",vi.ɾa.sˈə̃w
vi·ra·da,"nome feminino",vi.ɾˈa.də
vi·ra·dei·ra,"nome feminino",vi.ɾa.dˈej.ɾə
vi·ra·do,adjetivo,vi.ɾˈa.dʊ
vi·ra·do,"nome masculino",vi.ɾˈa.dʊ
vi·ra·gem,"nome feminino","vi.ɾˈa.ʒeɲ ou vi.ɾˈa.ʒeɲ"
vi·ra·go,"nome masculino",vi.ɾˈa.gʊ
vi·ra·go,"nome feminino",vi.ɾˈa.gʊ
vi·ral,adjetivo,vi.ɾˈaw
vi·rar,verbo,vi.ɾˈa
vi·ra·vol·ta,"nome feminino",vi.ɾa.vˈɔw.tə
vi·ra·vol·tar,verbo,vi.ɾa.vow.tˈa
vir·gem,adjetivo,vˈiɾ.ʒeɲ
vir·gem,"nome masculino",vˈiɾ.ʒeɲ
vir·gem,"nome feminino",vˈiɾ.ʒeɲ
vir·gi·nal,adjetivo,viɾ.ʒi.nˈaw
vir·gi·nal,"nome masculino",viɾ.ʒi.nˈaw
vir·gi·nal·men·te,advérbio,viɾ.ʒi.naw.mˈẽj.tʃi
vir·gin·da·de,"nome feminino",viɾ.ʒĩ.dˈa.dʒi
"vir·gí·ni· a","nome feminino",viɾ.ʒˈi.njə
vir·go,"nome masculino",vˈiɾ.gʊ
vír·gu·la,"nome feminino",vˈiɾ.gu.lə
vir·gu·lar,verbo,viɾ.gu.lˈa
vi·ri·a·to,"nome masculino",vi.ɾjˈa.tʊ
vi·ri·ci·da,"nome masculino",vi.ɾi.sˈi.də
vi·ri·ci·da,adjetivo,vi.ɾi.sˈi.də
vi·ril,adjetivo,vi.ɾˈiw
vi·ril,"nome masculino",vi.ɾˈiw
vi·ri·lha,"nome feminino",vi.ɾˈi.ʎə
vi·ri·li·da·de,"nome feminino",vi.ɾi.li.dˈa.dʒi
vi·ril·men·te,advérbio,vi.ɾiw.mˈẽj.tʃi
vi·ro,"nome masculino",vˈi.ɾʊ
vi·ro·la,"nome feminino",vi.ɾˈɔ.lə
vi·ro·lo·gi·a,"nome feminino",vi.ɾo.lo.ʒˈi.jə
vi·ro·ló·gi·co,adjetivo,vi.ɾo.lˈɔ.ʒi.kʊ
vi·ro·lo·gis·ta,"nome feminino",vi.ɾo.lo.ʒˈis.tə
vi·ro·lo·gis·ta,"nome masculino",vi.ɾo.lo.ʒˈis.tə
vi·ro·se,"nome feminino",vi.ɾˈɔ.zi
vi·ro·te,"nome masculino",vi.ɾˈɔ.tʃi
vir·tu·al,adjetivo,viɾ.twˈaw
vir·tu·a·li·da·de,"nome feminino",viɾ.twa.li.dˈa.dʒi
vir·tu·al·men·te,advérbio,viɾ.twaw.mˈẽj.tʃi
vir·tu·de,"nome feminino",viɾ.tˈu.dʒi
vir·tu·o·sa,"nome feminino",viɾ.tu.ˈɔ.zə
vir·tu·o·sa·men·te,advérbio,viɾ.tu.ɔ.za.mˈẽj.tʃi
vir·tu·o·si·da·de,"nome feminino",viɾ.tu.o.zi.dˈa.dʒi
vir·tu·o·sis·mo,"nome masculino",viɾ.tu.o.zˈiz.mʊ
vir·tu·o·sís·ti·co,adjetivo,viɾ.tu.o.zˈis.tʃi.kʊ
vir·tu·o·so,adjetivo,viɾ.tu.ˈo.zʊ
vir·tu·o·so,"nome masculino",viɾ.tu.ˈo.zʊ
"vi·ru·lên·ci· a","nome feminino",vi.ɾu.lˈẽj.sjə
vi·ru·len·ta·men·te,advérbio,vi.ɾu.lẽ.ta.mˈẽj.tʃi
vi·ru·len·to,adjetivo,vi.ɾu.lˈẽj.tʊ
ví·rus,"nome masculino",vˈi.ɾʊs
vis-à-vis,preposição,
vis-à-vis,advérbio,
vi·sa·da,"nome feminino",vi.zˈa.də
vi·sa·do,adjetivo,vi.zˈa.dʊ
vi·são,"nome feminino","vi.zˈə̃w ou vi.zˈə̃w"
vi·sar,verbo,vi.zˈa
vís·ce·ra,"nome feminino",vˈi.se.ɾə
vis·ce·ral,adjetivo,vi.se.ɾˈaw
vis·ce·ra·li·da·de,"nome feminino",vi.se.ɾa.li.dˈa.dʒi
vis·ce·ral·men·te,advérbio,vi.se.ɾaw.mˈẽj.tʃi
vis·co,"nome masculino",vˈis.kʊ
vis·con·de,"nome masculino",vis.kˈõ.dʒi
vis·con·des·sa,"nome feminino",vis.kõ.dˈe.sə
vis·co·se,"nome feminino",vis.kˈɔ.zi
vis·co·si·da·de,"nome feminino",vis.ko.zi.dˈa.dʒi
vis·co·so,adjetivo,vis.kˈo.zʊ
vi·se·en·se,adjetivo,vi.ze.ˈẽj.si
vi·se·en·se,"nome masculino","vi.ze.ˈẽj.si ou vi.ze.ˈẽj.si"
vi·sei·ra,"nome feminino",vi.zˈej.ɾə
vis·gar,verbo,viz.gˈa
vis·go,"nome masculino",vˈiz.gʊ
vi·si·bi·li·da·de,"nome feminino",vi.zi.bi.li.dˈa.dʒi
vi·si·go·do,adjetivo,vi.zi.gˈo.dʊ
vi·si·go·do,"nome masculino",vi.zi.gˈo.dʊ
vi·si·gó·ti·co,adjetivo,vi.zi.gˈɔ.tʃi.kʊ
vi·si·o·na·men·to,"nome masculino",vi.zi.o.na.mˈẽj.tʊ
vi·si·o·nar,verbo,vi.zi.o.nˈa
"vi·si·o·ná·ri· a","nome feminino",vi.zi.o.nˈa.ɾjə
vi·si·o·na·ri·a·men·te,advérbio,vi.zi.o.na.ɾja.mˈẽj.tʃi
"vi·si·o·ná·ri· o",adjetivo,vi.zi.o.nˈa.ɾjʊ
"vi·si·o·ná·ri· o","nome masculino",vi.zi.o.nˈa.ɾjʊ
vi·si·o·na·ris·mo,"nome masculino",vi.zi.o.na.ɾˈiz.mʊ
vi·si·ta,"nome feminino",vi.zˈi.tə
vi·si·ta-re·lâm·pa·go,"nome feminino",vi.zˌi.tə.xe.lˈə̃.pa.gʊ
vi·si·ta·ção,"nome feminino",vi.zi.ta.sˈə̃w
vi·si·ta·dor,"nome masculino",vi.zi.ta.dˈoɾ
vi·si·ta·dor,adjetivo,vi.zi.ta.dˈoɾ
vi·si·ta·do·ra,"nome feminino",vi.zi.ta.dˈo.ɾə
vi·si·tan·te,"nome feminino",vi.zi.tˈə̃.tʃi
vi·si·tan·te,"nome masculino",vi.zi.tˈə̃.tʃi
vi·si·tan·te,adjetivo,vi.zi.tˈə̃.tʃi
vi·si·tar,verbo,vi.zi.tˈa
vi·si·tá·vel,adjetivo,vi.zi.tˈa.vew
vi·sí·vel,adjetivo,vi.zˈi.vew
vi·si·vel·men·te,advérbio,vi.zi.vɛw.mˈẽj.tʃi
vis·lum·brar,verbo,viz.lũ.bɾˈa
vis·lum·bre,"nome masculino",viz.lˈũ.bɾi
vi·so,"nome masculino",vˈi.zʊ
vi·som,"nome masculino",vi.zˈõ
"vi· son","nome masculino",
vi·sor,"nome masculino",vi.zˈoɾ
vis·ta,"nome feminino",vˈis.tə
vis·to,adjetivo,vˈis.tʊ
vis·to,"nome masculino",vˈis.tʊ
vis·to,preposição,vˈis.tʊ
vis·to·ri·a,"nome feminino",vis.to.ɾˈi.jə
vis·to·ri·ar,verbo,vis.to.ɾjˈa
vis·to·sa·men·te,advérbio,vis.tɔ.za.mˈẽj.tʃi
vis·to·so,adjetivo,vis.tˈo.zʊ
vi·su·al,adjetivo,vi.zwˈaw
vi·su·al,"nome masculino",vi.zwˈaw
vi·su·a·li·da·de,"nome feminino",vi.zwa.li.dˈa.dʒi
vi·su·a·li·za·ção,"nome feminino",vi.zwa.li.za.sˈə̃w
vi·su·a·li·zar,verbo,vi.zwa.li.zˈa
vi·su·al·men·te,advérbio,vi.zwaw.mˈẽj.tʃi
vi·tal,"nome masculino",vi.tˈaw
vi·tal,adjetivo,vi.tˈaw
vi·ta·li·ci·a·men·te,advérbio,vi.ta.li.sja.mˈẽj.tʃi
"vi·ta·lí·ci· o",adjetivo,vi.ta.lˈi.sjʊ
vi·ta·li·da·de,"nome feminino",vi.ta.li.dˈa.dʒi
vi·ta·lis·mo,"nome masculino",vi.ta.lˈiz.mʊ
vi·ta·lis·ta,"nome feminino",vi.ta.lˈis.tə
vi·ta·lis·ta,adjetivo,vi.ta.lˈis.tə
vi·ta·lis·ta,"nome masculino",vi.ta.lˈis.tə
vi·ta·li·za·ção,"nome feminino",vi.ta.li.za.sˈə̃w
vi·ta·li·za·do,adjetivo,vi.ta.li.zˈa.dʊ
vi·ta·li·zar,verbo,vi.ta.li.zˈa
vi·tal·men·te,advérbio,vi.taw.mˈẽj.tʃi
vi·ta·mi·na,"nome masculino",vi.ta.mˈi.nə
vi·ta·mi·na,"nome feminino",vi.ta.mˈi.nə
vi·ta·mi·na·do,adjetivo,vi.ta.mi.nˈa.dʊ
vi·ta·mi·nar,verbo,vi.ta.mi.nˈa
vi·ta·mí·ni·co,adjetivo,vi.ta.mˈi.ni.kʊ
vi·te·la,"nome feminino",vi.tˈɛ.lə
vi·te·lo,"nome masculino",vi.tˈɛ.lʊ
vi·tí·co·la,adjetivo,vi.tʃˈi.ko.lə
vi·tí·co·la,"nome masculino","vi.tʃˈi.ko.lə ou vi.tʃˈi.ko.lə"
vi·ti·cul·tor,"nome masculino",vi.tʃi.kuw.tˈoɾ
vi·ti·cul·tor,adjetivo,vi.tʃi.kuw.tˈoɾ
vi·ti·cul·tu·ra,"nome feminino",vi.tʃi.kuw.tˈu.ɾə
vi·ti·li·go,"nome masculino",vi.tʃi.lˈi.gʊ
ví·ti·ma,"nome feminino",vˈi.tʃi.mə
vi·ti·mar,verbo,vi.tʃi.mˈa
vi·ti·mi·za·ção,"nome feminino",vi.tʃi.mi.za.sˈə̃w
vi·ti·mi·zar,verbo,vi.tʃi.mi.zˈa
vi·ti·vi·ní·co·la,adjetivo,vi.tʃi.vi.nˈi.ko.lə
vi·ti·vi·ni·cul·tor,"nome masculino",vi.tʃi.vi.ni.kuw.tˈoɾ
vi·ti·vi·ni·cul·tor,adjetivo,vi.tʃi.vi.ni.kuw.tˈoɾ
vi·ti·vi·ni·cul·tu·ra,"nome feminino",vi.tʃi.vi.ni.kuw.tˈu.ɾə
"vi·tó·ri· a","nome feminino",vi.tˈɔ.ɾjə
vi·to·ri·a·na,"nome feminino",vi.to.ɾjˈə.nə
vi·to·ri·a·no,adjetivo,vi.to.ɾjˈə.nʊ
vi·to·ri·a·no,"nome masculino",vi.to.ɾjˈə.nʊ
vi·to·ri·ar,verbo,vi.to.ɾjˈa
vi·to·ri·o·sa,"nome feminino",vi.to.ɾi.ˈɔ.zə
vi·to·ri·o·sa·men·te,advérbio,vi.to.ɾi.o.za.mˈẽj.tʃi
vi·to·ri·o·so,adjetivo,vi.to.ɾi.ˈo.zʊ
vi·to·ri·o·so,"nome masculino",vi.to.ɾi.ˈo.zʊ
vi·tral,"nome masculino",vi.tɾˈaw
"ví·tre· o",adjetivo,vˈi.tɾjʊ
vi·tri·fi·car,verbo,vi.tɾi.fi.kˈa
vi·tri·na,"nome feminino",vi.tɾˈi.nə
vi·tri·ne,"nome feminino",vi.tɾˈi.ni
vi·tri·nis·ta,"nome masculino",vi.tɾi.nˈis.tə
vi·tri·nis·ta,adjetivo,vi.tɾi.nˈis.tə
vi·tri·nis·ta,"nome feminino",vi.tɾi.nˈis.tə
vi·trí·o·lo,"nome masculino",vi.tɾˈi.o.lʊ
vi·tu·a·lha,"nome feminino",vi.twˈa.ʎə
vi·tu·a·lhar,verbo,vi.twa.ʎˈa
vi·tu·a·lhas,"nome feminino",vi.twˈa.ʎəs
vi·tu·pe·rar,verbo,vi.tu.pe.ɾˈa
"vi·tu·pé·ri· o","nome masculino",vi.tu.pˈɛ.ɾjʊ
vi·ú·va,"nome feminino",vi.ˈu.və
viu·var,verbo,vi.u.vˈa
viu·vez,"nome feminino",vi.u.vˈes
viu·vi·nha,"nome feminino",vi.u.vˈi.ɲə
vi·ú·vo,"nome masculino",vi.ˈu.vʊ
vi·ú·vo,adjetivo,vi.ˈu.vʊ
vi·va,"nome masculino",vˈi.və
vi·va·ça,"nome feminino",vi.vˈa.sə
vi·va·ce,adjetivo,
vi·va·ci·da·de,"nome feminino",vi.va.si.dˈa.dʒi
vi·va·ço,"nome masculino",vi.vˈa.sʊ
vi·va·ço,adjetivo,vi.vˈa.sʊ
vi·val·ma,"nome feminino",vi.vˈaw.mə
vi·va·men·te,advérbio,vi.va.mˈẽj.tʃi
vi·var,verbo,vi.vˈa
vi·vaz,adjetivo,vi.vˈas
vi·vaz·men·te,advérbio,vi.vaz.mˈẽj.tʃi
vi·vei·ris·ta,"nome masculino","vi.vej.ɾˈis.tə ou vi.vej.ɾˈis.tə"
vi·vei·ro,"nome masculino",vi.vˈej.ɾʊ
"vi·vên·ci· a","nome feminino",vi.vˈẽj.sjə
vi·ven·ci·al,adjetivo,vi.vẽ.sjˈaw
vi·ven·ci·ar,verbo,vi.vẽ.sjˈa
vi·ven·da,"nome feminino",vi.vˈẽj.də
vi·ven·te,"nome masculino",vi.vˈẽj.tʃi
vi·ven·te,adjetivo,vi.vˈẽj.tʃi
vi·ven·te,"nome feminino",vi.vˈẽj.tʃi
vi·ver,verbo,vi.vˈe
ví·ve·res,"nome masculino",vˈi.ve.ɾis
vi·ve·za,"nome feminino",vi.vˈe.zə
vi·vi·da·men·te,advérbio,vi.vi.da.mˈẽj.tʃi
ví·vi·do,adjetivo,vˈi.vi.dʊ
vi·vi·do,adjetivo,vi.vˈi.dʊ
vi·vi·fi·ca·ção,"nome feminino",vi.vi.fi.ka.sˈə̃w
vi·vi·fi·ca·dor,"nome masculino",vi.vi.fi.ka.dˈoɾ
vi·vi·fi·ca·dor,adjetivo,vi.vi.fi.ka.dˈoɾ
vi·vi·fi·ca·do·ra,"nome feminino",vi.vi.fi.ka.dˈo.ɾə
vi·vi·fi·can·te,adjetivo,vi.vi.fi.kˈə̃.tʃi
vi·vi·fi·can·te·men·te,advérbio,vi.vi.fi.kə̃.te.mˈẽj.tʃi
vi·vi·fi·car,verbo,vi.vi.fi.kˈa
vi·vis·sec·ção,"nome feminino",vi.vi.se.kə.sˈə̃w
vi·vo,"nome masculino",vˈi.vʊ
vi·vo,adjetivo,vˈi.vʊ
vi·ze·len·se,"nome masculino","vi.ze.lˈẽj.si ou vi.ze.lˈẽj.si"
vi·ze·len·se,adjetivo,vi.ze.lˈẽj.si
vi·zi·nha,"nome feminino",vi.zˈi.ɲə
vi·zi·nhan·ça,"nome feminino",vi.zi.ɲˈə̃.sə
vi·zi·nhar,verbo,vi.zi.ɲˈa
vi·zi·nho,adjetivo,vi.zˈi.ɲʊ
vi·zi·nho,"nome masculino",vi.zˈi.ɲʊ
vi·zir,"nome masculino",vi.zˈiɾ
vo·a·dor,"nome masculino",vo.a.dˈoɾ
vo·a·dor,adjetivo,vo.a.dˈoɾ
vo·a·do·ra,"nome feminino",vo.a.dˈo.ɾə
vo·ar,verbo,vo.ˈa
vo·a·ri·a,"nome feminino",vo.a.ɾˈi.jə
vo·ca·bu·lar,adjetivo,vo.ka.bu.lˈaɾ
"vo·ca·bu·lá·ri· o","nome masculino",vo.ka.bu.lˈa.ɾjʊ
vo·cá·bu·lo,"nome masculino",vo.kˈa.bu.lʊ
vo·ca·ção,"nome feminino",vo.ka.sˈə̃w
vo·ca·ci·o·na·do,adjetivo,vo.ka.si.o.nˈa.dʊ
vo·ca·ci·o·nal,adjetivo,vo.ka.si.o.nˈaw
vo·ca·ci·o·nar,verbo,vo.ka.si.o.nˈa
vo·cal,adjetivo,vo.kˈaw
vo·ca·li·ca·men·te,advérbio,vo.ka.li.ka.mˈẽj.tʃi
vo·cá·li·co,adjetivo,vo.kˈa.li.kʊ
vo·ca·lis·ta,"nome feminino",vo.ka.lˈis.tə
vo·ca·lis·ta,"nome masculino",vo.ka.lˈis.tə
vo·ca·li·za·ção,"nome feminino",vo.ka.li.za.sˈə̃w
vo·ca·li·zar,verbo,vo.ka.li.zˈa
vo·ca·li·zo,"nome masculino",vo.ka.lˈi.zʊ
vo·cal·men·te,advérbio,vo.kaw.mˈẽj.tʃi
vo·ca·ti·va·men·te,advérbio,vo.ka.tʃi.va.mˈẽj.tʃi
vo·ca·ti·vo,"nome masculino",vo.ka.tʃˈi.vʊ
vo·ca·ti·vo,adjetivo,vo.ka.tʃˈi.vʊ
vo·cê,pronome,vo.sˈe
vo·ci·fe·ra·ção,"nome feminino",vo.si.fe.ɾa.sˈə̃w
vo·ci·fe·ran·te,adjetivo,vo.si.fe.ɾˈə̃.tʃi
vo·ci·fe·rar,verbo,vo.si.fe.ɾˈa
"vod· ka","nome feminino",
vo·ga,"nome feminino",vˈɔ.gə
vo·ga,"nome masculino",vˈɔ.gə
vo·gal,adjetivo,vo.gˈaw
vo·gal,"nome masculino",vo.gˈaw
vo·gal,"nome feminino",vo.gˈaw
vo·gar,verbo,vo.gˈa
"voi· ce-mail","nome masculino",
"voi· le","nome masculino",
vo·lan·te,"nome feminino",vo.lˈə̃.tʃi
vo·lan·te,"nome masculino",vo.lˈə̃.tʃi
vo·lan·te,adjetivo,vo.lˈə̃.tʃi
vo·la·pu·que,"nome masculino",vɔ.la.pˈu.ki
vo·lá·til,"nome masculino","vo.lˈa.tʃiw ou vo.lˈa.tʃiw"
vo·lá·til,adjetivo,vo.lˈa.tʃiw
vo·la·ti·li·da·de,"nome feminino",vo.la.tʃi.li.dˈa.dʒi
vo·la·ti·li·za·ção,"nome feminino",vo.la.tʃi.li.za.sˈə̃w
vo·la·ti·li·zar,verbo,vo.la.tʃi.li.zˈa
vó·lei,"nome masculino",vˈɔ.lej
vo·lei·bol,"nome masculino",vo.lej.bˈɔw
vo·lei·bo·lis·ta,adjetivo,vo.lej.bo.lˈis.tə
vo·lei·bo·lis·ta,"nome masculino","vo.lej.bo.lˈis.tə ou vo.lej.bo.lˈis.tə"
"vol·frâ·mi· o","nome masculino",vow.fɾˈə.mjʊ
vol·fra·mis·ta,"nome masculino","vow.fɾa.mˈis.tə ou vow.fɾa.mˈis.tə"
vol·fra·mi·te,"nome feminino",vow.fɾa.mˈi.tʃi
vo·li·ção,"nome feminino",vo.li.sˈə̃w
vo·li·ti·vo,adjetivo,vo.li.tʃˈi.vʊ
vo·lo,"nome masculino",vˈɔ.lʊ
volt,"nome masculino",
vol·ta,"nome feminino",vˈɔw.tə
vol·ta·gem,"nome feminino",vow.tˈa.ʒeɲ
vol·tai·co,adjetivo,vow.tˈaj.kʊ
vol·tai·ri·a·no,adjetivo,vow.tɛ.ɾjˈə.nʊ
vol·tar,verbo,vow.tˈa
vol·te,"nome masculino",vˈɔw.tʃi
vol·te-fa·ce,"nome masculino",vˌow.tʃi.fˈa.si
vol·te·ar,verbo,vow.tʃi.ˈa
vol·tei·o,"nome masculino",vow.tˈej.jʊ
vol·te·jar,verbo,vow.te.ʒˈa
vol·tí·me·tro,"nome masculino",vow.tʃˈi.me.tɾʊ
"vól·ti· o","nome masculino",vˈɔw.tʃjʊ
vo·lu·bi·li·da·de,"nome feminino",vo.lu.bi.li.dˈa.dʒi
vo·lu·mar,verbo,vo.lu.mˈa
vo·lu·me,"nome masculino",vo.lˈu.mi
vo·lu·me·tri·a,"nome feminino",vo.lu.me.tɾˈi.jə
vo·lu·me·tri·ca·men·te,advérbio,vo.lu.mɛ.tɾi.ka.mˈẽj.tʃi
vo·lu·mé·tri·co,adjetivo,vo.lu.mˈɛ.tɾi.kʊ
vo·lú·mi·co,adjetivo,vo.lˈu.mi.kʊ
vo·lu·mo·sa·men·te,advérbio,vo.lu.mɔ.za.mˈẽj.tʃi
vo·lu·mo·so,adjetivo,vo.lu.mˈo.zʊ
"vo·lun·tá·ri· a","nome feminino",vo.lũ.tˈa.ɾjə
vo·lun·ta·ri·a·do,"nome masculino",vo.lũ.ta.ɾjˈa.dʊ
vo·lun·ta·ri·a·men·te,advérbio,vo.lũ.ta.ɾja.mˈẽj.tʃi
vo·lun·ta·ri·ar,verbo,vo.lũ.ta.ɾjˈa
vo·lun·ta·ri·e·da·de,"nome feminino",vo.lũ.ta.ɾi.e.dˈa.dʒi
"vo·lun·tá·ri· o",adjetivo,vo.lũ.tˈa.ɾjʊ
"vo·lun·tá·ri· o","nome masculino",vo.lũ.tˈa.ɾjʊ
vo·lun·ta·ri·o·sa,"nome feminino",vo.lũ.ta.ɾi.ˈɔ.zə
vo·lun·ta·ri·o·sa·men·te,advérbio,vo.lũ.ta.ɾi.ɔ.za.mˈẽj.tʃi
vo·lun·ta·ri·o·so,adjetivo,vo.lũ.ta.ɾi.ˈo.zʊ
vo·lun·ta·ri·o·so,"nome masculino",vo.lũ.ta.ɾi.ˈo.zʊ
vo·lun·ta·ris·mo,"nome masculino",vo.lũ.ta.ɾˈiz.mʊ
vo·lun·ta·ris·ta,adjetivo,vo.lũ.ta.ɾˈis.tə
vo·lun·ta·ris·ta,"nome masculino",vo.lũ.ta.ɾˈis.tə
vo·lun·ta·ris·ta,"nome feminino",vo.lũ.ta.ɾˈis.tə
"vo·lú·pi· a","nome feminino",vo.lˈu.pjə
vo·lup·tu·o·sa,"nome feminino",vo.lu.pə.tu.ˈɔ.zə
vo·lup·tu·o·sa·men·te,advérbio,vo.lu.pə.tu.o.za.mˈẽj.tʃi
vo·lup·tu·o·si·da·de,"nome feminino",vo.lu.pə.tu.o.zi.dˈa.dʒi
vo·lup·tu·o·so,adjetivo,vo.lu.pə.tu.ˈo.zʊ
vo·lup·tu·o·so,"nome masculino",vo.lu.pə.tu.ˈo.zʊ
vo·lu·ta,"nome feminino",vo.lˈu.tə
vo·lu·tar,verbo,vo.lu.tˈa
vo·lú·vel,adjetivo,vo.lˈu.vew
vo·lu·vel·men·te,advérbio,vo.lu.vew.mˈẽj.tʃi
vol·va,"nome feminino",vˈow.və
vol·ver,verbo,vow.vˈe
vol·ver,"nome masculino",vow.vˈeɾ
vol·vi·do,adjetivo,vow.vˈi.dʊ
vol·vo,"nome masculino",vˈow.vʊ
vo·mi·ta·do,"nome masculino",vo.mi.tˈa.dʊ
vo·mi·ta·do,adjetivo,vo.mi.tˈa.dʊ
vo·mi·tar,verbo,vo.mi.tˈa
vó·mi·to,"nome masculino",vˈɔ.mi.tʊ
"vo·mi·tó·ri· o",adjetivo,vo.mi.tˈɔ.ɾjʊ
"vo·mi·tó·ri· o","nome masculino",vo.mi.tˈɔ.ɾjʊ
von·ta·de,"nome feminino",võ.tˈa.dʒi
vo·o,"nome masculino","vˈo.ʊ ou vˈo.ʊ"
vo·ra·ci·da·de,"nome feminino",vo.ɾa.si.dˈa.dʒi
vo·ra·gem,"nome feminino",vo.ɾˈa.ʒeɲ
vo·raz,adjetivo,vo.ɾˈas
vo·raz·men·te,advérbio,vo.ɾaz.mˈẽj.tʃi
vór·ti·ce,"nome masculino",vˈɔɾ.tʃi.si
vos,pronome,vʊs
vós,pronome,vˈɔs
vos·se·me·cê,pronome,vɔ.se.me.sˈe
vos·so,pronome,vˈɔ.sʊ
vos·so,artigo,vˈɔ.sʊ
vo·ta·ção,"nome feminino",vo.ta.sˈə̃w
vo·ta·do,adjetivo,vo.tˈa.dʊ
vo·tan·te,"nome masculino",vo.tˈə̃.tʃi
vo·tan·te,adjetivo,vo.tˈə̃.tʃi
vo·tan·te,"nome feminino",vo.tˈə̃.tʃi
vo·tar,verbo,vo.tˈa
vo·ti·va·men·te,advérbio,vo.tʃi.va.mˈẽj.tʃi
vo·ti·vo,adjetivo,vo.tʃˈi.vʊ
vo·to,"nome masculino",vˈɔ.tʊ
"vou· cher","nome masculino",
vou·ze·len·se,"nome masculino","vo.ze.lˈẽj.si ou vo.ze.lˈẽj.si"
vou·ze·len·se,adjetivo,vo.ze.lˈẽj.si
vo·vô,"nome masculino",vo.vˈo
vo·vó,"nome feminino",vɔ.vˈɔ
"voy· eur","nome masculino",ou
"voy· eu·ris·mo","nome masculino",voj.a.ɾˈiz.mʊ
"voy· eu·ris·ta",adjetivo,voj.a.ɾˈis.tə
voz,"nome feminino",vˈɔs
voz-off,"nome feminino",vˌɔ.zˈɔf
vo·ze·ar,"nome masculino",vo.zi.ˈaɾ
vo·ze·ar,verbo,vo.zi.ˈa
vo·ze·a·ri·a,"nome feminino",vo.zi.a.ɾˈi.jə
vo·zei·rão,"nome masculino",vo.zej.ɾˈə̃w
vu·du,"nome masculino",vu.dˈu
vul·ca·ni·ca·men·te,advérbio,vuw.ka.ni.ka.mˈẽj.tʃi
vul·câ·ni·co,adjetivo,vuw.kˈə.ni.kʊ
vul·ca·nis·mo,"nome masculino",vuw.ka.nˈiz.mʊ
vul·ca·ni·za·ção,"nome feminino",vuw.ka.ni.za.sˈə̃w
vul·ca·ni·zar,verbo,vuw.ka.ni.zˈa
vul·ca·no·lo·gi·a,"nome feminino",vuw.ka.no.lo.ʒˈi.jə
vul·ca·no·ló·gi·co,adjetivo,vuw.ka.no.lˈɔ.ʒi.kʊ
vul·ca·no·lo·gis·ta,"nome masculino","vuw.ka.no.lo.ʒˈis.tə ou vuw.ka.no.lo.ʒˈis.tə"
vul·ca·nó·lo·go,"nome masculino",vuw.ka.nˈɔ.lo.gʊ
vul·cão,"nome masculino",vuw.kˈə̃w
vul·gar,adjetivo,vuw.gˈaɾ
vul·gar,"nome masculino",vuw.gˈaɾ
vul·gar,verbo,vuw.gˈa
vul·ga·ri·da·de,"nome feminino",vuw.ga.ɾi.dˈa.dʒi
vul·ga·ri·za·ção,"nome feminino",vuw.ga.ɾi.za.sˈə̃w
vul·ga·ri·zar,verbo,vuw.ga.ɾi.zˈa
vul·gar·men·te,advérbio,vuw.gaɾ.mˈẽj.tʃi
vul·go,"nome masculino",vˈuw.gʊ
vul·ne·ra·bi·li·da·de,"nome feminino",vuw.ne.ɾa.bi.li.dˈa.dʒi
vul·ne·ra·bi·li·zar,verbo,vuw.ne.ɾa.bi.li.zˈa
vul·ne·rar,verbo,vuw.ne.ɾˈa
vul·ne·rá·vel,adjetivo,vuw.ne.ɾˈa.vew
vul·ne·ra·vel·men·te,advérbio,vuw.ne.ɾa.vew.mˈẽj.tʃi
vul·to,"nome masculino",vˈuw.tʊ
vul·to·sa·men·te,advérbio,vuw.tɔ.za.mˈẽj.tʃi
vul·to·so,adjetivo,vuw.tˈo.zʊ
vul·tu·o·sa·men·te,advérbio,vuw.tu.ɔ.za.mˈẽj.tʃi
vul·tu·o·so,adjetivo,vuw.tu.ˈo.zʊ
vul·va,"nome feminino",vˈuw.və
vul·var,adjetivo,vuw.vˈaɾ
vu·vu,"nome masculino",vu.vˈu
"wag· ne·ri·a·na","nome feminino",va.gi.ne.ɾjˈə.nə
"wag· ne·ri·a·no",adjetivo,va.gi.ne.ɾjˈə.nʊ
"wag· ne·ri·a·no","nome masculino",va.gi.ne.ɾjˈə.nʊ
"wal· kie-tal· kie","nome masculino",
"war· rant","nome masculino",
"wa· shing· to·ni·a·no","nome masculino",wo.ʃĩ.gə.to.njˈə.nʊ
"wa· shing· to·ni·a·no",adjetivo,wo.ʃĩ.gə.to.njˈə.nʊ
watt,"nome masculino",
web,"nome feminino",
"we· ber","nome masculino",
"we· be·ri·a·no",adjetivo,wɛ.be.ɾjˈə.nʊ
"wes· tern","nome masculino",
"whis· key","nome masculino",
"whis· ky","nome masculino",
"wil· so·ni·a·no",adjetivo,wiw.so.njˈə.nʊ
"wind· surf","nome masculino",
"wind· sur·fis·ta","nome masculino",wĩnd.suɾ.fˈis.tə
"wind· sur·fis·ta","nome feminino",wĩnd.suɾ.fˈis.tə
won,"nome masculino",
"work· shop","nome masculino",
